Quarter Ended,2023-03-31,2022-12-31,2022-09-30,2022-06-30,2022-03-31,2021-12-31,2021-09-30,2021-06-30,2021-03-31,2020-12-31,2020-09-30,2020-06-30,2020-03-31,2019-12-31,2019-09-30,2019-06-30,2019-03-31,2018-12-31,2018-09-30,2018-06-30,2018-03-31,2017-12-31,2017-09-30,2017-06-30,2017-03-31,2016-12-31,2016-09-30,2016-06-30,2016-03-31,2015-12-31,2015-09-30,2015-06-30,2015-03-31,2014-12-31,2014-09-30,2014-06-30,2014-03-31,2013-12-31,2013-09-30,2013-06-30,2013-03-31,2012-12-31,2012-09-30,2012-06-30,2012-03-31,2011-12-31,2011-09-30,2011-06-30,2011-03-31,2010-12-31,2010-09-30,2010-06-30,2010-03-31,2009-12-31,2009-09-30,2009-06-30,2009-03-31,2008-12-31,2008-09-30,2008-06-30,2008-03-31,2007-12-31,2007-09-30,2007-06-30,2007-03-31,2006-12-31,2006-09-30,2006-06-30,2006-03-31,2005-12-31,2005-09-30,2005-06-30,2005-03-31,2004-12-31,2004-09-30,2004-06-30,2004-03-30,2003-12-31,2003-09-30,2003-06-30,2003-03-31,2002-12-31,2002-09-30,2002-06-30,2002-03-31,2001-12-31,2001-09-30,2001-06-30,2001-03-31,2000-12-31,2000-09-30,2000-06-30,2000-03-31,1999-12-31,1999-09-30,1999-06-30,1999-03-31,1998-12-31,1998-09-30,1998-06-30,1998-03-31,1997-12-31,1997-09-30,1997-06-30,1997-03-31,1996-12-31,1996-09-30,1996-06-30,1996-03-31,1995-12-31
Cash & Equivalents,22144000000,25134000000,21548000000,19516000000,21013000000,20540000000,27429000000,22955000000,21826000000,25243000000,24263000000,30989000000,25971000000,17504000000,20523000000,22117000000,20848000000,16718000000,18562000000,16828000000,17940000000,18492000000,17589000000,16223000000,17823000000,15905000000,13340000000,17063000000,15917000000,14272000000,14686000000,12897000000,12368000000,10757000000,13320000000,11573000000,12983000000,14468000000,14752000000,13362000000,13820000000,15659000000,13539000000,15101000000,15244000000,17148000000,16460000000,17472000000,21318000000,14805000000,17992000000,18322000000,24356000000,20894000000,25798000000,24011000000,21093000000,22049000000,24894000000,30066000000,33751000000,35283000000,27437000000,32000000000,26867000000,28896000000,25511000000,27985000000,21179000000,28406000000,28200000000,30133000000,23345000000,22831000000,17416000000,15648000000,18190000000,23208000000,27887000000,17684000000,19237000000,12221000000,16073000000,13103000000,16020000000,7197000000,10638000000,6586000000,5382000000,4851000000,5662000000,8664000000,5758000000,4381000000,5278000000,5619000000,5930000000,4836000000,6382000000,6687000000,8228000000,7934000000,7144000000,5065000000,5798000000,7267000000,,,,8440000000
Short-Term Investments,57719000000,57656000000,52527000000,47900000000,52990000000,61596000000,51597000000,52420000000,64945000000,67119000000,62415000000,68861000000,75288000000,70798000000,67991000000,69687000000,72326000000,71586000000,68598000000,71002000000,76811000000,72645000000,70033000000,72774000000,70771000000,69188000000,66375000000,70094000000,,66041000000,,,,,,,,,,,,,,,,,,,,,,,,,,,,,,,,,,,,,,,,,,,,,,,,,,,,,16137000000,14945000000,11433000000,10949000000,6875000000,11502000000,11814000000,14703000000,15247000000,18568000000,18973000000,21247000000,21664000000,19567000000,19269000000,20120000000,17764000000,17386000000,14473000000,14935000000,14736000000,15168000000,13193000000,11836000000,,,,6856000000
Cash & Cash Equivalents,79863000000,82790000000,74075000000,67416000000,74003000000,82136000000,79026000000,75375000000,86771000000,92362000000,86678000000,99850000000,101259000000,88302000000,88514000000,91804000000,93174000000,88304000000,87160000000,87830000000,94751000000,91137000000,87622000000,88997000000,88594000000,85093000000,79715000000,87157000000,15917000000,80313000000,14686000000,12897000000,12368000000,10757000000,13320000000,11573000000,12983000000,14468000000,14752000000,13362000000,13820000000,15659000000,13539000000,15101000000,15244000000,17148000000,16460000000,17472000000,21318000000,14805000000,17992000000,18322000000,24356000000,20894000000,25798000000,24011000000,21093000000,22049000000,24894000000,30066000000,33751000000,35283000000,27437000000,32000000000,26867000000,28896000000,25511000000,27985000000,21179000000,28406000000,28200000000,30133000000,23345000000,22831000000,17416000000,15648000000,18190000000,23208000000,27887000000,17684000000,19237000000,12221000000,32210000000,28048000000,27453000000,18146000000,17513000000,18088000000,17196000000,19554000000,20909000000,27232000000,24731000000,25628000000,26942000000,25186000000,25199000000,24956000000,24146000000,24073000000,22701000000,22869000000,21880000000,20233000000,18991000000,19103000000,0,0,0,15296000000
Cash Growth,7.92%,0.80%,-6.27%,-10.56%,-14.71%,-11.07%,-8.83%,-24.51%,-14.31%,4.60%,-2.07%,8.76%,8.68%,0.00%,1.55%,4.52%,-1.66%,-3.11%,-0.53%,-1.31%,6.95%,7.10%,9.92%,2.11%,456.60%,5.95%,442.80%,575.79%,28.70%,646.61%,10.26%,11.44%,-4.74%,-25.65%,-9.71%,-13.39%,-6.06%,-7.61%,8.96%,-11.52%,-9.34%,-8.68%,-17.75%,-13.57%,-28.49%,15.83%,-8.51%,-4.64%,-12.47%,-29.14%,-30.26%,-23.69%,15.47%,-5.24%,3.63%,-20.14%,-37.50%,-37.51%,-9.27%,-6.04%,25.62%,22.10%,7.55%,14.35%,26.86%,1.72%,-9.54%,-7.13%,-9.28%,24.42%,61.92%,92.57%,28.34%,-1.62%,-37.55%,-11.51%,-5.44%,89.90%,-13.42%,-36.95%,-29.93%,-32.65%,83.92%,55.06%,59.65%,-7.20%,-16.24%,-33.58%,-30.47%,-23.70%,-22.39%,8.12%,-1.86%,2.69%,11.58%,4.62%,11.00%,9.13%,10.36%,18.98%,19.54%,19.71%,,,,24.89%,,,,
Receivables,14920000000,15729000000,14764000000,15037000000,13031000000,11370000000,10851000000,8750000000,10448000000,9993000000,10114000000,9107000000,6625000000,9237000000,10621000000,10941000000,12016000000,11195000000,11244000000,11026000000,12386000000,10599000000,10277000000,10159000000,10685000000,11102000000,10029000000,10728000000,11252000000,11042000000,13373000000,12666000000,13005000000,11708000000,11143000000,12853000000,12088000000,9828000000,11693000000,11353000000,11384000000,10878000000,10737000000,10160000000,9904000000,8565000000,9036000000,9473000000,8999000000,8381000000,8368000000,7985000000,6925000000,7194000000,7296000000,6643000000,5390000000,5674000000,7683000000,9344000000,8563000000,8863000000,11969000000,12263000000,11663000000,8057000000,9077000000,10344000000,10223000000,9956000000,9683000000,11810000000,14558000000,15073000000,12813000000,19412000000,16389000000,18420000000,12958000000,16968000000,20388000000,19665000000,17361000000,19522000000,16957000000,14729000000,6755000000,7499000000,9244000000,11009000000,10198000000,8211000000,8496000000,7102000000,6517000000,5046000000,3910000000,3492000000,3149000000,2863000000,2996000000,3097000000,3220000000,3364000000,3375000000,3133000000,,,,3321000000
Inventory,16212000000,14080000000,15213000000,13976000000,14647000000,12065000000,13508000000,13593000000,12742000000,10808000000,10583000000,10220000000,11312000000,10786000000,12451000000,12437000000,12333000000,11220000000,12810000000,12565000000,12371000000,11176000000,11263000000,11092000000,10535000000,8898000000,10219000000,9829000000,9770000000,8319000000,9496000000,9438000000,9519000000,7870000000,9296000000,9365000000,8874000000,7708000000,8799000000,8192000000,8423000000,7362000000,8208000000,7289000000,7031000000,5901000000,7212000000,7036000000,7414000000,5917000000,6855000000,6076000000,6292000000,5041000000,6560000000,6603000000,6575000000,6988000000,12048000000,12987000000,11721000000,10121000000,12886000000,12614000000,12525000000,10017000000,11997000000,12116000000,11962000000,10271000000,11687000000,11550000000,11482000000,10748000000,10981000000,10614000000,10193000000,9151000000,10085000000,8448000000,7953000000,6977000000,7504000000,7522000000,7068000000,6127000000,7110000000,7220000000,7664000000,7514000000,8189000000,6251000000,6557000000,5684000000,7218000000,6347000000,5542000000,5656000000,6387000000,5551000000,6340000000,5468000000,6320000000,6136000000,7237000000,6656000000,,,,7162000000
Other Current Assets,4128000000,3877000000,4036000000,4040000000,4461000000,3425000000,3583000000,3557000000,3971000000,3581000000,4390000000,4934000000,5080000000,5722000000,4168000000,3169000000,3672000000,3930000000,3629000000,3604000000,3756000000,3889000000,3570000000,3291000000,3414000000,3368000000,3552000000,3053000000,,2913000000,,,,,,,,,,,,,,,,,,,,,,,,,,,,,,,,,,,,,,,,,,,,,,,,,,,,,-14253000000,-11558000000,-12620000000,-5881000000,1415000000,3681000000,4291000000,-244000000,1718000000,3788000000,3151000000,4170000000,3804000000,5315000000,3642000000,4605000000,5837000000,5277000000,5450000000,5413000000,5230000000,4933000000,3621000000,2800000000,,,,1502000000
Total Current Assets,115123000000,116476000000,108088000000,100469000000,106142000000,108996000000,106968000000,101275000000,113932000000,116744000000,111765000000,124111000000,124276000000,114047000000,115754000000,118351000000,121195000000,114649000000,114843000000,115025000000,123264000000,116801000000,112732000000,113539000000,113228000000,108461000000,103515000000,110767000000,,102587000000,,,,,,,,,,,,,,,,,,,,,,,,,,,,,,,,,,,,,,,,,,,,,,,,,,,,,42822000000,43534000000,38858000000,33121000000,32793000000,36488000000,38395000000,37833000000,41014000000,45482000000,42935000000,42584000000,44481000000,41894000000,38293000000,38709000000,39519000000,37764000000,37487000000,36847000000,36650000000,34666000000,33224000000,31692000000,,,,27281000000
"Property, Plant & Equipment",37970000000,37265000000,35529000000,36162000000,36625000000,37139000000,36597000000,36723000000,36361000000,37083000000,36118000000,35276000000,35294000000,36469000000,35404000000,36581000000,36145000000,36178000000,35762000000,35580000000,36118000000,35327000000,34760000000,33794000000,32668000000,32072000000,32257000000,31940000000,31164000000,30163000000,30137000000,30750000000,29612000000,30126000000,30048000000,29294000000,28447000000,27616000000,26836000000,25863000000,25795000000,24942000000,24347000000,22808000000,23150000000,22371000000,22304000000,23263000000,23407000000,23179000000,22956000000,22210000000,22826000000,22637000000,24812000000,24801000000,23779000000,24143000000,30253000000,32149000000,37007000000,36239000000,37831000000,37303000000,37638000000,36055000000,37844000000,41639000000,40941000000,40676000000,41887000000,42281000000,43395000000,43303000000,42904000000,42325000000,42799000000,43506000000,42077000000,39634000000,38151000000,37923000000,35172000000,35162000000,33537000000,34575000000,35825000000,35421000000,36133000000,37508000000,35600000000,34677000000,35831000000,36528000000,41356000000,39775000000,36882000000,37320000000,36480000000,35847000000,35438000000,34594000000,34282000000,33491000000,33039000000,33527000000,,,,31273000000
Long-Term Investments,76540000000,75473000000,73794000000,78472000000,79852000000,82162000000,82207000000,83980000000,85075000000,88129000000,88295000000,86354000000,81930000000,85452000000,85605000000,86310000000,86166000000,87372000000,89441000000,88803000000,88665000000,87502000000,86381000000,83389000000,82250000000,82057000000,82605000000,80244000000,,75871000000,,,,,,,,,,,,,,,,,,,,,,,,,,,,,,,,,,,,,,,,,,,,,,,,,,,,,151989000000,158442000000,153388000000,160698000000,164918000000,181101000000,177519000000,175523000000,172030000000,173533000000,163720000000,159041000000,144386000000,147260000000,143990000000,141718000000,128406000000,128581000000,127053000000,179575000000,174125000000,173321000000,166420000000,168293000000,,,,156495000000
Goodwill and Intangibles,0,0,0,0,0,0,0,0,0,0,0,0,0,0,0,0,0,0,0,0,0,0,0,0,0,0,0,0,0,0,0,0,0,0,0,0,0,0,86000000,82000000,84000000,0,89000000,95000000,97000000,100000000,100000000,103000000,98000000,102000000,123000000,183000000,192000000,165000000,225000000,235000000,227000000,246000000,1805000000,2044000000,2064000000,2069000000,6487000000,6344000000,6308000000,3611000000,6396000000,6392000000,6072000000,5945000000,6072000000,6679000000,7011000000,6394000000,7014000000,7186000000,7173000000,7000000000,7053000000,6930000000,6726000000,6528000000,6490000000,6885000000,6869000000,7645000000,0,0,0,0,0,0,0,0,0,0,0,0,0,0,0,0,0,0,0,0,,,,0
Other Long-Term Assets,27167000000,26670000000,29508000000,30652000000,30367000000,28738000000,26905000000,26554000000,25451000000,25305000000,23765000000,23625000000,22650000000,22569000000,21394000000,20942000000,19775000000,18341000000,18920000000,18671000000,19183000000,18866000000,17400000000,16747000000,15948000000,15361000000,16586000000,16727000000,,16304000000,,,,,,,,,,,,,,,,,,,,,,,,,,,,,,,,,,,,,,,,,,,,,,,,,,,,,49223000000,46268000000,42996000000,40504000000,43991000000,36536000000,32540000000,32526000000,33641000000,30888000000,32538000000,32096000000,37167000000,32376000000,27346000000,19798000000,24109000000,26079000000,23260000000,28081000000,29166000000,29938000000,29274000000,29355000000,,,,28234000000
Total Long-Term Assets,141677000000,139408000000,138831000000,145286000000,146844000000,148039000000,145709000000,147257000000,146887000000,150517000000,148178000000,145255000000,139874000000,144490000000,142403000000,143833000000,142086000000,141891000000,144123000000,143054000000,143966000000,141695000000,138541000000,133930000000,130866000000,129490000000,131448000000,128911000000,,122338000000,,,,,,,,,,,,,,,,,,,,,,,,,,,,,,,,,,,,,,,,,,,,,,,,,,,,,242874000000,246757000000,236790000000,243422000000,244734000000,253058000000,246192000000,245557000000,241271000000,239098000000,232089000000,227665000000,222909000000,219411000000,208218000000,198836000000,188995000000,190507000000,185751000000,242250000000,237573000000,236750000000,228733000000,231175000000,,,,216002000000
Total Assets,256800000000,255884000000,246919000000,245755000000,252986000000,257035000000,252677000000,248532000000,260819000000,267261000000,259943000000,269366000000,264150000000,258537000000,258157000000,262184000000,263281000000,256540000000,258966000000,258079000000,267230000000,258496000000,251273000000,247469000000,244094000000,237951000000,234963000000,239678000000,237288000000,224925000000,219431000000,216045000000,212374000000,208615000000,208835000000,210945000000,207082000000,202179000000,201071000000,196210000000,193010000000,189406000000,184680000000,181236000000,182075000000,178348000000,162740000000,168086000000,167391000000,164687000000,177078000000,179750000000,191968000000,192040000000,203106000000,200190000000,203134000000,218298000000,242065000000,265297000000,282913000000,279264000000,276163000000,279218000000,272210000000,279196000000,267465000000,276948000000,269076000000,269459000000,268295000000,276834000000,280588000000,295487000000,288678000000,293613000000,300079000000,299397000000,310328000000,306189000000,289324000000,277122000000,285696000000,290291000000,275648000000,271893000000,277527000000,289546000000,284587000000,283390000000,282285000000,284580000000,275024000000,270249000000,267390000000,261305000000,246511000000,237545000000,228514000000,228271000000,223238000000,279097000000,274223000000,271416000000,261957000000,262867000000,,,,243283000000
Accounts Payable,26028000000,25605000000,27051000000,23378000000,23256000000,22349000000,22923000000,18593000000,23492000000,22204000000,21466000000,16360000000,18439000000,20673000000,22228000000,22980000000,23325000000,21520000000,23273000000,22743000000,25480000000,23282000000,23566000000,23568000000,23257000000,21296000000,22384000000,23084000000,22072000000,20272000000,22386000000,21844000000,22366000000,20035000000,21155000000,22062000000,22209000000,19531000000,21640000000,20961000000,20600000000,19308000000,20793000000,19661000000,19638000000,17724000000,18924000000,19424000000,19984000000,16362000000,17374000000,15976000000,15611000000,14301000000,15209000000,13971000000,12882000000,13145000000,20358000000,24216000000,23964000000,20832000000,25898000000,25495000000,24480000000,21214000000,22738000000,23595000000,24005000000,22910000000,22991000000,23853000000,24169000000,22030000000,22399000000,21879000000,26545000000,20407000000,20742000000,21832000000,20480000000,18936000000,26780000000,28865000000,28248000000,21328000000,27774000000,30074000000,30606000000,28607000000,28536000000,28141000000,26388000000,25759000000,24359000000,22756000000,19635000000,20566000000,18774000000,18963000000,21253000000,19509000000,18467000000,18214000000,18586000000,19109000000,,,,18912000000
Current Debt,48050000000,50164000000,44050000000,43819000000,48286000000,49692000000,47323000000,46012000000,49471000000,51343000000,50995000000,55344000000,52912000000,53946000000,54604000000,52851000000,54548000000,53493000000,50763000000,50884000000,52983000000,51621000000,51174000000,50773000000,49257000000,49669000000,47273000000,44861000000,,42975000000,,,,,,,,,,,,,,,,,,,,,,,,,,,,,,,,,,,,,,,,,,,,,,,,,,,,,209000000,241000000,235000000,302000000,283000000,226000000,249000000,277000000,731000000,862000000,1107000000,1338000000,1429000000,1348000000,1501000000,1121000000,1168000000,855000000,801000000,1129000000,1587000000,1624000000,1756000000,1661000000,,,,1832000000
Total Current Liabilities,95905000000,96866000000,90167000000,86452000000,90352000000,90727000000,89033000000,83474000000,94249000000,97192000000,93159000000,92780000000,94494000000,98132000000,99087000000,98334000000,99237000000,95569000000,94750000000,94861000000,99878000000,94600000000,94352000000,94299000000,91304000000,90281000000,89188000000,89408000000,,82336000000,,,,,,,,,,,,,,,,,,,,,,,,,,,,,,,,,,,,,,,,,,,,,,,,,,,,,45362000000,46584000000,44381000000,44546000000,41960000000,44543000000,43706000000,43181000000,42600000000,43247000000,39926000000,39605000000,41374000000,40814000000,37809000000,35643000000,35694000000,35677000000,36987000000,33291000000,35994000000,34180000000,32502000000,33170000000,,,,28776000000
Other Current Liabilities,21827000000,21097000000,19066000000,19255000000,18810000000,18686000000,18787000000,18869000000,21286000000,23645000000,20698000000,21076000000,23143000000,23513000000,22255000000,22503000000,21364000000,20556000000,20714000000,21234000000,21415000000,19697000000,19612000000,19958000000,18790000000,19316000000,19531000000,21463000000,,19089000000,,,,,,,,,,,,,,,,,,,,,,,,,,,,,,,,,,,,,,,,,,,,,,,,,,,,,18373000000,17478000000,15898000000,22916000000,13903000000,14243000000,12851000000,14297000000,13333000000,14244000000,12431000000,12508000000,15586000000,16710000000,16673000000,13956000000,15752000000,15859000000,14933000000,12653000000,15940000000,14342000000,12160000000,12400000000,,,,8032000000
Long-Term Debt,91242000000,88805000000,84279000000,85008000000,87315000000,88400000000,97249000000,100905000000,103201000000,110341000000,106280000000,119886000000,114414000000,101361000000,99507000000,103213000000,102612000000,100720000000,102668000000,101959000000,105351000000,102666000000,97938000000,95236000000,96720000000,93301000000,89951000000,95053000000,,89879000000,,,,,,,,,,,,,,,,,,,,,,,,,,,,,,,,,,,,,,,,,,,,,,,,,,,,,167667000000,170244000000,164654000000,167707000000,166761000000,174610000000,167789000000,165952000000,161709000000,159679000000,154272000000,150992000000,144038000000,142960000000,135539000000,131714000000,122964000000,123793000000,121430000000,167796000000,162706000000,162905000000,156115000000,157380000000,,,,147474000000
Total Long-Term Liabilities,118698000000,115851000000,114663000000,115066000000,117550000000,117686000000,126940000000,130274000000,132596000000,139258000000,133623000000,145731000000,139958000000,127175000000,123683000000,127714000000,127475000000,124905000000,127498000000,126650000000,130818000000,128192000000,123561000000,120811000000,122052000000,118387000000,114180000000,119021000000,,113838000000,,,,,,,,,,,,,,,,,,,,,,,,,,,,,,,,,,,,,,,,,,,,,,,,,,,,,230364000000,233713000000,223848000000,224211000000,222202000000,231245000000,224812000000,221599000000,221412000000,216690000000,206679000000,203040000000,199095000000,194249000000,183955000000,178493000000,169102000000,169524000000,164754000000,215072000000,208552000000,208123000000,202203000000,202935000000,,,,189960000000
Other Long-Term Liabilities,27456000000,27046000000,30384000000,30058000000,30235000000,29286000000,29691000000,29369000000,29395000000,28917000000,27343000000,25845000000,25544000000,25814000000,24176000000,24501000000,24863000000,24185000000,24830000000,24691000000,25467000000,25526000000,25623000000,25575000000,25332000000,25086000000,24229000000,23968000000,,23959000000,,,,,,,,,,,,,,,,,,,,,,,,,,,,,,,,,,,,,,,,,,,,,,,,,,,,,62697000000,63469000000,59194000000,56504000000,55441000000,56635000000,57023000000,55647000000,59703000000,57011000000,52407000000,52048000000,55057000000,51289000000,48416000000,46779000000,46138000000,45731000000,43324000000,47276000000,45846000000,45218000000,46088000000,45555000000,,,,42486000000
Total Liabilities,214603000000,212717000000,204830000000,201518000000,207902000000,208413000000,215973000000,213748000000,226845000000,236450000000,226782000000,238511000000,234452000000,225307000000,222770000000,226048000000,226712000000,220474000000,222248000000,221511000000,230696000000,222792000000,217913000000,215110000000,213356000000,208668000000,203368000000,208429000000,207572000000,196174000000,191853000000,189597000000,187311000000,183808000000,182331000000,183801000000,179944000000,175703000000,180232000000,176661000000,175048000000,173095000000,165474000000,164157000000,165425000000,163277000000,156714000000,162736000000,164926000000,165329000000,178818000000,183291000000,197405000000,199822000000,210376000000,209608000000,219611000000,232825000000,242596000000,265521000000,274336000000,272215000000,273606000000,279913000000,274787000000,281502000000,257287000000,261275000000,255905000000,254895000000,253250000000,261825000000,264072000000,277173000000,273796000000,279267000000,286457000000,287087000000,301549000000,292436000000,276922000000,265862000000,275726000000,280297000000,268229000000,263435000000,264162000000,275788000000,268518000000,264780000000,264012000000,259937000000,246605000000,242645000000,240469000000,235063000000,221764000000,214136000000,204796000000,205201000000,201741000000,248363000000,244546000000,242303000000,234705000000,236105000000,,,,218736000000
Total Debt,139292000000,138969000000,128329000000,128827000000,135601000000,138092000000,144572000000,146917000000,152672000000,161684000000,157275000000,175230000000,167326000000,155307000000,154111000000,156064000000,157160000000,154213000000,153431000000,152843000000,158334000000,154287000000,149112000000,146009000000,145977000000,142970000000,137224000000,139914000000,140995000000,132854000000,126425000000,123526000000,122776000000,119171000000,119193000000,118707000000,117004000000,114688000000,110622000000,107857000000,107356000000,105058000000,100604000000,99897000000,100490000000,99488000000,95131000000,98550000000,101638000000,103988000000,116691000000,117385000000,130105000000,131635000000,132017000000,133066000000,145586000000,152577000000,156793000000,166025000000,169205000000,168787000000,163213000000,170036000000,167179000000,171832000000,154410000000,153478000000,151104000000,153278000000,141738000000,158441000000,161262000000,162425000000,164707000000,168101000000,171446000000,179804000000,180236000000,175107000000,164680000000,167882000000,167876000000,170485000000,164889000000,167475000000,167044000000,174836000000,168038000000,166229000000,162440000000,160541000000,155379000000,152330000000,145467000000,144308000000,137040000000,132835000000,124132000000,124648000000,122231000000,168925000000,164293000000,164529000000,157871000000,159041000000,,,,149306000000
Debt Growth,2.72%,0.64%,-11.24%,-12.31%,-11.18%,-14.59%,-8.08%,-16.16%,-8.76%,4.11%,2.05%,12.28%,6.47%,0.71%,0.44%,2.11%,-0.74%,-0.05%,2.90%,4.68%,8.47%,7.92%,8.66%,4.36%,3.53%,7.61%,8.54%,13.27%,14.84%,11.48%,6.07%,4.06%,4.93%,3.91%,7.75%,10.06%,8.99%,9.17%,9.96%,7.97%,6.83%,5.60%,5.75%,1.37%,-1.13%,-4.33%,-18.48%,-16.05%,-21.88%,-21.00%,-11.61%,-11.78%,-10.63%,-13.73%,-15.80%,-19.85%,-13.96%,-9.60%,-3.93%,-2.36%,1.21%,-1.77%,5.70%,10.79%,10.64%,12.10%,8.94%,-3.13%,-6.30%,-5.63%,-13.95%,-5.75%,-5.94%,-9.67%,-8.62%,-4.00%,4.11%,7.10%,7.36%,2.71%,-0.13%,0.24%,0.50%,-2.49%,-1.87%,0.75%,2.83%,8.90%,8.15%,9.12%,11.67%,11.25%,13.38%,14.68%,17.19%,15.77%,12.12%,-21.36%,-24.44%,-24.24%,-22.58%,6.21%,,,,6.52%,,,,
Common Stock,20884000000,20827000000,21246000000,21131000000,21028000000,21089000000,20944000000,20870000000,20696000000,20741000000,20707000000,20650000000,20584000000,20593000000,20601000000,20764000000,20673000000,20630000000,20635000000,20652000000,20540000000,20631000000,20592000000,20523000000,20556000000,20549000000,20517000000,20465000000,20373000000,20485000000,20418000000,20419000000,20466000000,20281000000,19250000000,20184000000,21081000000,20956000000,20962000000,20880000000,20832000000,20724000000,20712000000,20734000000,20730000000,20777000000,20691000000,20634000000,20597000000,20678000000,18064000000,17618000000,17238000000,16643000000,14553000000,13783000000,10829000000,10718000000,8751000000,8226000000,7826000000,7671000000,7109000000,4493000000,4440000000,4398000000,4340000000,4235000000,4117000000,4058000000,3944000000,3848000000,3615000000,3612000000,3608000000,3599000000,3605000000,3644000000,3548000000,3543000000,3480000000,3462000000,3398000000,3317000000,3154000000,3197000000,3095000000,3024000000,3451000000,4158000000,4812000000,4754000000,4794000000,4854000000,5374000000,5561000000,5490000000,5420000000,5757000000,5878000000,6094000000,6728000000,6686000000,6535000000,6480000000,6457000000,,,,6265000000
Retained Earnings,30270000000,31754000000,31072000000,32511000000,32251000000,35769000000,23894000000,22062000000,21502000000,18243000000,21031000000,18645000000,17527000000,20320000000,22590000000,22769000000,23226000000,22668000000,23384000000,22993000000,22529000000,21906000000,19405000000,18437000000,16992000000,15634000000,17013000000,16652000000,15278000000,14414000000,27489000000,26175000000,24887000000,9422000000,25051000000,24699000000,23882000000,23386000000,21014000000,20136000000,19296000000,18077000000,16670000000,15230000000,14190000000,12985000000,-440000000,-2089000000,-4487000000,-7038000000,-7228000000,-8915000000,-11514000000,-13599000000,-14524000000,-15521000000,-17782000000,-16316000000,-10169000000,-10040000000,-1372000000,-1485000000,1326000000,1707000000,956000000,-17000000,5608000000,10646000000,11088000000,13064000000,12497000000,12966000000,12205000000,12362000000,11255000000,11171000000,10190000000,8421000000,9398000000,9606000000,9371000000,8659000000,9096000000,9609000000,9518000000,10502000000,15845000000,17084000000,18386000000,17884000000,17374000000,22823000000,26078000000,24606000000,23408000000,22854000000,21077000000,19659000000,19176000000,18688000000,16819000000,25234000000,23954000000,23346000000,21331000000,20334000000,,,,17688000000
Comprehensive Income,-8788000000,-9339000000,-10193000000,-9473000000,-8294000000,-8339000000,-8245000000,-8268000000,-8370000000,-8294000000,-8613000000,-8471000000,-8461000000,-7728000000,-7842000000,-7436000000,-7501000000,-7366000000,-7429000000,-7204000000,-6669000000,-6959000000,-6759000000,-6716000000,-6929000000,-7013000000,-6046000000,-5976000000,-6046000000,-6257000000,-20442000000,-20260000000,-20406000000,-5265000000,-18165000000,-18107000000,-18190000000,-18230000000,-21509000000,-21837000000,-22533000000,-22854000000,-18541000000,-18928000000,-18314000000,-18734000000,-14269000000,-13236000000,-13684000000,-14313000000,-12609000000,-12277000000,-11199000000,-10864000000,-8704000000,-9005000000,-10624000000,-10124000000,-571000000,131000000,657000000,-558000000,-7272000000,-8146000000,-9106000000,-7846000000,-785000000,-262000000,-3156000000,-3680000000,-2454000000,-2611000000,-150000000,1463000000,-794000000,-1209000000,-913000000,-414000000,-4756000000,-5065000000,-6119000000,-6531000000,-2524000000,-2932000000,-5253000000,-5913000000,-5575000000,-6350000000,-5768000000,-3432000000,-3913000000,-2934000000,-2453000000,-1856000000,-1861000000,-2173000000,-1820000000,-1670000000,-1215000000,-1496000000,-1416000000,-1228000000,-963000000,-768000000,-559000000,-29000000,,,,594000000
Shareholders' Equity,42366000000,43242000000,42125000000,44169000000,44985000000,48519000000,36593000000,34664000000,33828000000,30690000000,33125000000,30824000000,29650000000,33185000000,35349000000,36097000000,36398000000,35932000000,36590000000,36441000000,36400000000,35578000000,33238000000,32244000000,30619000000,29170000000,31484000000,31141000000,29605000000,28642000000,27465000000,26334000000,24947000000,24438000000,26136000000,26776000000,26773000000,26112000000,20467000000,19179000000,17595000000,15947000000,18841000000,17036000000,16606000000,15028000000,5982000000,5309000000,2426000000,-673000000,-1773000000,-3574000000,-5475000000,-7820000000,-8675000000,-10743000000,-17577000000,-15722000000,-1989000000,-1683000000,7111000000,5628000000,1163000000,-1946000000,-3710000000,-3465000000,9163000000,14619000000,12049000000,13442000000,13987000000,14203000000,15670000000,17437000000,14069000000,13561000000,12882000000,11651000000,8190000000,8084000000,6732000000,5590000000,9970000000,9994000000,7419000000,7786000000,13365000000,13758000000,16069000000,18610000000,18273000000,24643000000,28419000000,27604000000,26921000000,26242000000,24747000000,23409000000,23718000000,23070000000,21497000000,30734000000,29677000000,29113000000,27252000000,26762000000,,,,24547000000
Net Cash / Debt,-59429000000,-56179000000,-54254000000,-61411000000,-61598000000,-55956000000,-65546000000,-71542000000,-65901000000,-69322000000,-70597000000,-75380000000,-66067000000,-67005000000,-65597000000,-64260000000,-63986000000,-65909000000,-66271000000,-65013000000,-63583000000,-63150000000,-61490000000,-57012000000,-57383000000,-57877000000,-57509000000,-52757000000,-125078000000,-52541000000,-111739000000,-110629000000,-110408000000,-108414000000,-105873000000,-107134000000,-104021000000,-100220000000,-95870000000,-94495000000,-93536000000,-89399000000,-87065000000,-84796000000,-85246000000,-82340000000,-78671000000,-81078000000,-80320000000,-89183000000,-98699000000,-99063000000,-105749000000,-110741000000,-106219000000,-109055000000,-124493000000,-130528000000,-131899000000,-135959000000,-135454000000,-133504000000,-135776000000,-138036000000,-140312000000,-142936000000,-128899000000,-125493000000,-129925000000,-124872000000,-113538000000,-128308000000,-137917000000,-139594000000,-147291000000,-152453000000,-153256000000,-156596000000,-152349000000,-157423000000,-145443000000,-155661000000,-135666000000,-142437000000,-137436000000,-149329000000,-149531000000,-156748000000,-150842000000,-146675000000,-141531000000,-133309000000,-130648000000,-126702000000,-118525000000,-119122000000,-111841000000,-107879000000,-99986000000,-100575000000,-99530000000,-146056000000,-142413000000,-144296000000,-138880000000,-139938000000,0,0,0,-134010000000
Net Cash Per Share,-14.75,-14.03,-13.49,-15.16,-15.37,-13.80,-16.24,-17.76,-16.41,-17.77,-17.63,-18.88,-16.67,-16.76,-16.37,-16.01,-16.01,-16.50,-16.57,-16.26,,,,,,,,,,,,,,,,,,,,,,,,,,,,,,,,,,,,,,,,,,,,,,,,,,,,,,-76.41,-80.53,-83.26,-83.66,-85.48,-83.21,-85.93,-79.39,-84.88,-74.46,-78.56,-76.06,-82.46,-82.52,-86.17,-81.98,-98.90,-85.83,-110.63,-108.33,-104.71,-98.04,-98.37,-92.35,-89.08,-82.50,-82.98,-82.26,-121.61,-118.88,-120.95,-116.71,-118.09,,,,
Working Capital,19218000000,19610000000,17921000000,14017000000,15790000000,18269000000,17935000000,17801000000,19683000000,19552000000,18606000000,31331000000,29782000000,15915000000,16667000000,20017000000,21958000000,19080000000,20093000000,20164000000,23386000000,22201000000,18380000000,19240000000,21924000000,18180000000,14327000000,21359000000,,20251000000,,,,,,,,,,,,,,,,,,,,,,,,,,,,,,,,,,,,,,,,,,,,,,,,,,,,,-2540000000,-3050000000,-5523000000,-11425000000,-9167000000,-8055000000,-5311000000,-5348000000,-1586000000,2235000000,3009000000,2979000000,3107000000,1080000000,484000000,3066000000,3825000000,2087000000,500000000,3556000000,656000000,486000000,722000000,-1478000000,,,,-1495000000
Book Value Per Share,10.62,10.80,10.48,10.99,11.22,12.14,9.16,8.68,8.50,7.71,8.33,7.75,7.48,8.38,8.90,9.06,9.16,9.06,9.20,9.16,9.16,8.95,8.37,8.10,7.71,7.34,7.92,7.84,7.46,7.22,6.92,6.62,6.38,6.35,6.74,6.77,6.80,6.62,5.20,4.88,4.61,4.18,4.94,4.46,4.37,3.96,1.57,1.40,0.64,-0.19,-0.52,-1.05,-1.64,-2.61,-2.69,-3.74,-7.29,-6.92,-0.88,-0.75,3.24,2.84,0.55,-1.03,-1.97,-1.84,4.87,7.79,6.52,7.28,7.55,7.72,8.56,9.54,7.69,7.41,7.03,6.36,4.47,4.41,3.68,3.05,5.47,5.51,4.11,4.30,7.38,7.56,8.73,12.55,11.08,20.45,23.57,22.81,22.27,21.67,20.43,19.33,19.57,19.04,17.77,25.59,24.77,24.40,22.90,22.58,,,,22.92