Date,Market Cap,% Change
2023-05-31,45053900000,-2.85%
2023-05-30,46374500000,0.21%
2023-05-26,46277200000,2.72%
2023-05-25,45053900000,0.40%
2023-05-24,44873200000,-3.41%
2023-05-23,46457900000,1.70%
2023-05-22,45679500000,0.61%
2023-05-19,45401400000,-0.73%
2023-05-18,45735100000,1.42%
2023-05-17,45095600000,2.85%
2023-05-16,43844500000,-2.56%
2023-05-15,44998300000,-0.09%
2023-05-12,45040000000,-2.17%
2023-05-11,46040900000,0.12%
2023-05-10,45985300000,-0.60%
2023-05-09,46263300000,-1.13%
2023-05-08,46791600000,1.20%
2023-05-05,46235500000,4.95%
2023-05-04,44053000000,-2.43%
2023-05-03,45151200000,-1.81%
2023-05-02,45985300000,-1.19%
2023-05-01,46541300000,1.33%
2023-04-28,45929700000,0.98%
2023-04-27,45484800000,1.55%
2023-04-26,44789800000,-2.10%
2023-04-25,45749000000,-4.34%
2023-04-24,47822100000,2.21%
2023-04-21,46790100000,0.03%
2023-04-20,46776100000,-3.01%
2023-04-19,48226600000,-2.12%
2023-04-18,49272500000,0.54%
2023-04-17,49007600000,1.88%
2023-04-14,48101000000,-0.12%
2023-04-13,48156800000,-0.26%
2023-04-12,48282300000,-2.23%
2023-04-11,49384100000,-0.90%
2023-04-10,49830400000,3.30%
2023-04-06,48240500000,-1.42%
2023-04-05,48937800000,-1.82%
2023-04-04,49844300000,-1.46%
2023-04-03,50583500000,-1.12%
2023-03-31,51155300000,1.92%
2023-03-30,50193000000,0.81%
2023-03-29,49788500000,4.32%
2023-03-28,47724500000,-0.67%
2023-03-27,48045300000,2.20%
2023-03-24,47013200000,-0.09%
2023-03-23,47055100000,-0.91%
2023-03-22,47487400000,-2.99%
2023-03-21,48951800000,4.40%
2023-03-20,46887700000,0.72%
2023-03-17,46553000000,-3.55%
2023-03-16,48268400000,0.82%
2023-03-15,47877900000,-3.57%
2023-03-14,49649100000,-0.45%
2023-03-13,49872200000,-2.08%
2023-03-10,50932200000,-3.44%
2023-03-09,52745200000,-4.88%
2023-03-08,55450800000,0.05%
2023-03-07,55422900000,-1.76%
2023-03-06,56413100000,-1.37%
2023-03-03,57194100000,3.74%
2023-03-02,55130000000,2.09%
2023-03-01,54000400000,-0.05%
2023-02-28,54028200000,-1.45%
2023-02-27,54823200000,0.33%
2023-02-24,54641900000,-0.18%
2023-02-23,54739500000,-4.01%
2023-02-22,57026700000,-0.58%
2023-02-21,57361400000,-4.73%
2023-02-17,60206500000,0.16%
2023-02-16,60108900000,0.35%
2023-02-15,59899700000,1.23%
2023-02-14,59174500000,0.98%
2023-02-13,58602700000,1.62%
2023-02-10,57668200000,-0.67%
2023-02-09,58058700000,0.14%
2023-02-08,57975100000,0.41%
2023-02-07,57738000000,0.15%
2023-02-06,57654300000,0.51%
2023-02-03,57361400000,-0.89%
2023-02-02,57877400000,5.60%
2023-02-01,54809200000,-0.05%
2023-01-31,54837100000,6.36%
2023-01-30,51557100000,-4.37%
2023-01-27,53915400000,4.03%
2023-01-26,51827000000,0.44%
2023-01-25,51599700000,0.33%
2023-01-24,51429200000,-0.66%
2023-01-23,51770200000,3.08%
2023-01-20,50221600000,-1.06%
2023-01-19,50761500000,-1.95%
2023-01-18,51770200000,-0.46%
2023-01-17,52011700000,0.27%
2023-01-13,51869600000,-4.75%
2023-01-12,54455300000,1.35%
2023-01-11,53730800000,1.91%
2023-01-10,52722100000,3.31%
2023-01-09,51031400000,0.03%
2023-01-06,51017200000,2.60%
2023-01-05,49724400000,0.89%
2023-01-04,49284000000,2.57%
2023-01-03,48048000000,0.54%
2022-12-30,47792200000,-0.09%
2022-12-29,47834900000,3.50%
2022-12-28,46215300000,-2.37%
2022-12-27,47337600000,-1.51%
2022-12-23,48062200000,0.89%
2022-12-22,47636000000,-6.60%
2022-12-21,51003000000,1.99%
2022-12-20,50008500000,-0.62%
2022-12-19,50321100000,-2.02%
2022-12-16,51358200000,-3.91%
2022-12-15,53446600000,-1.93%
2022-12-14,54497900000,-1.06%
2022-12-13,55080400000,0.73%
2022-12-12,54682600000,0.55%
2022-12-09,54384300000,0.21%
2022-12-08,54270600000,0.63%
2022-12-07,53929700000,-0.16%
2022-12-06,54014900000,-1.98%
2022-12-05,55108800000,-2.78%
2022-12-02,56685800000,-1.31%
2022-12-01,57438800000,-0.32%
2022-11-30,57623500000,2.04%
2022-11-29,56472700000,0.94%
2022-11-28,55947000000,-2.67%
2022-11-25,57481400000,0.87%
2022-11-23,56984100000,0.35%
2022-11-22,56785300000,1.14%
2022-11-21,56145900000,-0.63%
2022-11-18,56501100000,2.92%
2022-11-17,54895700000,0.44%
2022-11-16,54654200000,-4.40%
2022-11-15,57168800000,0.78%
2022-11-14,56728400000,-2.89%
2022-11-11,58419100000,3.47%
2022-11-10,56458500000,4.41%
2022-11-09,54071700000,-2.54%
2022-11-08,55478200000,-0.86%
2022-11-07,55961200000,1.00%
2022-11-04,55407200000,1.27%
2022-11-03,54711000000,-0.03%
2022-11-02,54725200000,-2.11%
2022-11-01,55904400000,0.25%
2022-10-31,55762300000,1.03%
2022-10-28,55194100000,1.81%
2022-10-27,54213800000,0.79%
2022-10-26,53787600000,2.30%
2022-10-25,52580000000,0.96%
2022-10-24,52081500000,2.06%
2022-10-21,51031700000,4.66%
2022-10-20,48757200000,-0.56%
2022-10-19,49034200000,-1.81%
2022-10-18,49938200000,2.03%
2022-10-17,48946700000,2.07%
2022-10-14,47955200000,0.40%
2022-10-13,47765700000,1.74%
2022-10-12,46949200000,0.34%
2022-10-11,46788800000,-0.62%
2022-10-10,47080400000,-3.96%
2022-10-07,49019600000,-2.92%
2022-10-06,50492200000,-0.60%
2022-10-05,50798400000,-2.68%
2022-10-04,52198200000,8.91%
2022-10-03,47926100000,2.43%
2022-09-30,46788800000,-3.52%
2022-09-29,48494700000,-5.65%
2022-09-28,51396200000,1.56%
2022-09-27,50608900000,-0.94%
2022-09-26,51090000000,-1.24%
2022-09-23,51731600000,-5.08%
2022-09-22,54501900000,-0.80%
2022-09-21,54939300000,-3.53%
2022-09-20,56951400000,-5.63%
2022-09-19,60348600000,3.55%
2022-09-16,58278200000,-1.70%
2022-09-15,59284300000,0.10%
2022-09-14,59225900000,0.22%
2022-09-13,59094700000,-3.61%
2022-09-12,61311000000,1.84%
2022-09-09,60202800000,1.95%
2022-09-08,59051000000,0.97%
2022-09-07,58482300000,3.62%
2022-09-06,56441100000,0.62%
2022-09-02,56091100000,-0.23%
2022-09-01,56222400000,0.92%
2022-08-31,55712100000,-2.35%
2022-08-30,57053500000,-0.96%
2022-08-29,57607500000,0.71%
2022-08-26,57199300000,-2.87%
2022-08-25,58890600000,2.90%
2022-08-24,57228400000,1.79%
2022-08-23,56222400000,0.03%
2022-08-22,56207800000,-2.90%
2022-08-19,57884500000,2.53%
2022-08-18,56455700000,0.83%
2022-08-17,55989100000,-1.51%
2022-08-16,56849300000,-1.04%
2022-08-15,57447100000,-0.20%
2022-08-12,57563800000,2.65%
2022-08-11,56076600000,1.34%
2022-08-10,55333000000,3.63%
2022-08-09,53393800000,-2.50%
2022-08-08,54764300000,4.16%
2022-08-05,52577200000,-0.47%
2022-08-04,52825100000,-2.89%
2022-08-03,54399800000,3.27%
2022-08-02,52679300000,-1.74%
2022-08-01,53612500000,1.41%
2022-07-29,52868900000,1.45%
2022-07-28,52110700000,3.06%
2022-07-27,50565100000,4.02%
2022-07-26,48611400000,-3.42%
2022-07-25,50331000000,-0.43%
2022-07-22,50549700000,-1.31%
2022-07-21,51220300000,1.06%
2022-07-20,50680900000,1.05%
2022-07-19,50156000000,5.46%
2022-07-18,47560700000,-0.76%
2022-07-15,47925200000,4.05%
2022-07-14,46058900000,-0.41%
2022-07-13,46248500000,0.60%
2022-07-12,45971500000,2.14%
2022-07-11,45009200000,-4.46%
2022-07-08,47108700000,-1.07%
2022-07-07,47619000000,4.45%
2022-07-06,45592400000,-3.40%
2022-07-05,47196200000,0.56%
2022-07-01,46933800000,1.35%
2022-06-30,46306800000,-5.05%
2022-06-29,48770900000,-1.59%
2022-06-28,49558200000,-1.85%
2022-06-27,50491300000,-0.55%
2022-06-24,50768400000,5.55%
2022-06-23,48100200000,0.49%
2022-06-22,47866900000,0.58%
2022-06-21,47589900000,2.38%
2022-06-17,46481800000,1.46%
2022-06-16,45811100000,-8.07%
2022-06-15,49835200000,2.95%
2022-06-14,48406400000,2.85%
2022-06-13,47065000000,-7.80%
2022-06-10,51045400000,-4.47%
2022-06-09,53436500000,-2.76%
2022-06-08,54952900000,-1.77%
2022-06-07,55944300000,1.43%
2022-06-06,55157000000,0.59%
2022-06-03,54836200000,-3.24%
2022-06-02,56673400000,1.57%
2022-06-01,55798500000,-1.06%
2022-05-31,56396300000,0.29%
2022-05-27,56235900000,3.07%
2022-05-26,54559200000,4.00%
2022-05-25,52459700000,2.19%
2022-05-24,51337000000,-2.19%
2022-05-23,52488800000,1.69%
2022-05-20,51614000000,-1.99%
2022-05-19,52663800000,0.81%
2022-05-18,52241000000,-5.96%
2022-05-17,55550700000,2.70%
2022-05-16,54092700000,-2.90%
2022-05-13,55711100000,7.45%
2022-05-12,51847300000,-4.59%
2022-05-11,54340500000,-3.70%
2022-05-10,56425500000,1.15%
2022-05-09,55784000000,-3.33%
2022-05-06,57708500000,-0.93%
2022-05-05,58248000000,-2.96%
2022-05-04,60026800000,3.08%
2022-05-03,58233400000,3.88%
2022-05-02,56061000000,1.42%
2022-04-29,55273600000,-2.17%
2022-04-28,56498400000,0.23%
2022-04-27,56367200000,1.98%
2022-04-26,55272900000,-4.47%
2022-04-25,57859300000,-0.05%
2022-04-22,57888400000,-2.14%
2022-04-21,59152500000,-2.42%
2022-04-20,60620100000,-0.86%
2022-04-19,61143100000,3.57%
2022-04-18,59036300000,1.25%
2022-04-14,58309700000,-0.22%
2022-04-13,58440500000,0.45%
2022-04-12,58179000000,-0.72%
2022-04-11,58600400000,2.49%
2022-04-08,57176400000,1.63%
2022-04-07,56261000000,-1.97%
2022-04-06,57394300000,-4.64%
2022-04-05,60184100000,-4.08%
2022-04-04,62741500000,0.51%
2022-04-01,62421800000,-1.78%
2022-03-31,63555200000,-3.27%
2022-03-30,65705600000,-2.25%
2022-03-29,67216800000,4.61%
2022-03-28,64252600000,1.31%
2022-03-25,63424400000,-1.58%
2022-03-24,64441500000,1.30%
2022-03-23,63613300000,-1.75%
2022-03-22,64746600000,2.18%
2022-03-21,63366300000,-2.70%
2022-03-18,65124400000,2.66%
2022-03-17,63438900000,-0.43%
2022-03-16,63715000000,4.08%
2022-03-15,61215800000,3.18%
2022-03-14,59326900000,-1.64%
2022-03-11,60314900000,-0.81%
2022-03-10,60808900000,-1.02%
2022-03-09,61433700000,5.17%
2022-03-08,58411500000,0.93%
2022-03-07,57873800000,-6.06%
2022-03-04,61608100000,-5.57%
2022-03-03,65240700000,-3.07%
2022-03-02,67303900000,4.04%
2022-03-01,64688500000,-4.71%
2022-02-28,67885200000,-1.50%
2022-02-25,68916800000,2.33%
2022-02-24,67347500000,-0.06%
2022-02-23,67391100000,-0.83%
2022-02-22,67957800000,-3.77%
2022-02-18,70616800000,-0.45%
2022-02-17,70936500000,-3.19%
2022-02-16,73275900000,1.53%
2022-02-15,72171600000,2.62%
2022-02-14,70326200000,-0.88%
2022-02-11,70951000000,-3.00%
2022-02-10,73145100000,-0.75%
2022-02-09,73697200000,2.55%
2022-02-08,71866400000,-2.47%
2022-02-07,73682700000,-1.13%
2022-02-04,74525500000,-3.43%
2022-02-03,77170000000,-0.73%
2022-02-02,77736600000,-0.98%
2022-02-01,78502100000,2.54%
2022-01-31,76556600000,4.96%
2022-01-28,72941500000,-2.35%
2022-01-27,74698200000,-1.72%
2022-01-26,76004900000,0.87%
2022-01-25,75351500000,-1.41%
2022-01-24,76425900000,-1.20%
2022-01-21,77355100000,-2.51%
2022-01-20,79344200000,-2.83%
2022-01-19,81652600000,-4.34%
2022-01-18,85354900000,-3.78%
2022-01-14,88708700000,-1.08%
2022-01-13,89681400000,1.21%
2022-01-12,88607000000,-0.70%
2022-01-11,89231300000,0.64%
2022-01-10,88665100000,-1.93%
2022-01-07,90407300000,-0.95%
2022-01-06,91278500000,0.21%
2022-01-05,91089700000,-4.56%
2022-01-04,95445300000,7.47%
2022-01-03,88810300000,4.33%
2021-12-31,85122600000,0.86%
2021-12-30,84396600000,1.57%
2021-12-29,83090000000,0.21%
2021-12-28,82915700000,-0.56%
2021-12-27,83380300000,0.91%
2021-12-23,82625400000,1.48%
2021-12-22,81420300000,2.35%
2021-12-21,79547400000,1.39%
2021-12-20,78458500000,-2.03%
2021-12-17,80084600000,-5.53%
2021-12-16,84774100000,-0.38%
2021-12-15,85093500000,0.36%
2021-12-14,84788600000,-1.23%
2021-12-13,85848500000,-6.45%
2021-12-10,91772100000,6.02%
2021-12-09,86559900000,-1.91%
2021-12-08,88244100000,-1.22%
2021-12-07,89333000000,2.82%
2021-12-06,86879300000,0.22%
2021-12-03,86690600000,-2.15%
2021-12-02,88592500000,5.10%
2021-12-01,84295000000,0.33%
2021-11-30,84019200000,-3.32%
2021-11-29,86908400000,-0.52%
2021-11-26,87358400000,-3.25%
2021-11-24,90291200000,-1.36%
2021-11-23,91539800000,-1.58%
2021-11-22,93006200000,3.66%
2021-11-19,89725000000,-0.85%
2021-11-18,90494500000,-3.53%
2021-11-17,93804700000,3.19%
2021-11-16,90901000000,-0.57%
2021-11-15,91423600000,-0.68%
2021-11-12,92047900000,2.56%
2021-11-11,89754000000,4.30%
2021-11-10,86051800000,1.11%
2021-11-09,85108100000,-1.64%
2021-11-08,86530900000,1.85%
2021-11-05,84962900000,-0.20%
2021-11-04,85137100000,4.71%
2021-11-03,81304200000,0.74%
2021-11-02,80708900000,0.18%
2021-11-01,80563700000,1.95%
2021-10-29,79024800000,0.35%
2021-10-28,78748900000,-0.04%
2021-10-27,78777900000,-5.41%
2021-10-26,83285400000,-0.68%
2021-10-25,83851600000,-0.02%
2021-10-22,83866100000,-1.10%
2021-10-21,84795200000,1.28%
2021-10-20,83720900000,1.44%
2021-10-19,82530500000,-0.07%
2021-10-18,82588600000,-1.91%
2021-10-15,84200000000,0.54%
2021-10-14,83749900000,-0.14%
2021-10-13,83866100000,-2.02%
2021-10-12,85593600000,1.50%
2021-10-11,84330600000,-0.82%
2021-10-08,85027500000,3.77%
2021-10-07,81935300000,4.65%
2021-10-06,78291500000,-0.75%
2021-10-05,78886700000,0.67%
2021-10-04,78364100000,1.60%
2021-10-01,77130100000,0.80%
2021-09-30,76520400000,-0.42%
2021-09-29,76839700000,0.15%
2021-09-28,76723600000,-0.73%
2021-09-27,77289800000,1.93%
2021-09-24,75823500000,0.60%
2021-09-23,75373500000,2.25%
2021-09-22,73718500000,2.86%
2021-09-21,71671600000,
2021-09-20,71671600000,-3.82%
2021-09-17,74517000000,-0.37%
2021-09-16,74792800000,-0.58%
2021-09-15,75228300000,2.13%
2021-09-14,73660500000,-0.16%
2021-09-13,73776600000,2.69%
2021-09-10,71845800000,2.21%
2021-09-09,70292500000,-1.12%
2021-09-08,71090900000,0.51%
2021-09-07,70728000000,-0.20%
2021-09-03,70873200000,-0.27%
2021-09-02,71061900000,-0.33%
2021-09-01,71294200000,0.20%
2021-08-31,71149000000,-0.33%
2021-08-30,71381300000,-1.26%
2021-08-27,72295800000,2.43%
2021-08-26,70582800000,-2.17%
2021-08-25,72150700000,0.26%
2021-08-24,71961900000,2.88%
2021-08-23,69944100000,-1.27%
2021-08-20,70844100000,-0.57%
2021-08-19,71250600000,-3.46%
2021-08-18,73805600000,0.73%
2021-08-17,73268500000,-4.68%
2021-08-16,76868800000,-1.30%
2021-08-13,77885000000,-1.78%
2021-08-12,79293200000,0.64%
2021-08-11,78785100000,0.02%
2021-08-10,78770500000,0.57%
2021-08-09,78320500000,-2.00%
2021-08-06,79917400000,1.12%
2021-08-05,79031800000,3.26%
2021-08-04,76534900000,-8.85%
2021-08-03,83964800000,1.49%
2021-08-02,82731800000,0.33%
2021-07-30,82456100000,-0.77%
2021-07-29,83094400000,3.23%
2021-07-28,80497700000,0.89%
2021-07-27,79786900000,-1.38%
2021-07-26,80903900000,1.51%
2021-07-23,79699900000,-1.26%
2021-07-22,80715300000,-2.47%
2021-07-21,82760800000,1.60%
2021-07-20,81455200000,3.64%
2021-07-19,78597300000,-2.31%
2021-07-16,80454200000,-2.62%
2021-07-15,82615700000,-1.81%
2021-07-14,84138900000,-1.24%
2021-07-13,85197900000,-0.41%
2021-07-12,85546100000,0.36%
2021-07-09,85241400000,4.82%
2021-07-08,81324600000,-0.94%
2021-07-07,82093500000,-1.51%
2021-07-06,83355500000,-2.54%
2021-07-02,85531600000,-0.25%
2021-07-01,85749200000,-0.10%
2021-06-30,85836200000,0.58%
2021-06-29,85343000000,0.32%
2021-06-28,85067300000,-2.75%
2021-06-25,87475500000,0.43%
2021-06-24,87098300000,-0.13%
2021-06-23,87214300000,1.49%
2021-06-22,85937700000,-0.10%
2021-06-21,86024800000,0.92%
2021-06-18,85241400000,-2.20%
2021-06-17,87156300000,-2.72%
2021-06-16,89593400000,1.56%
2021-06-15,88215300000,0.03%
2021-06-14,88186300000,-1.14%
2021-06-11,89201800000,0.24%
2021-06-10,88984200000,-2.28%
2021-06-09,91058600000,-1.80%
2021-06-08,92726900000,1.09%
2021-06-07,91725900000,-0.22%
2021-06-04,91929000000,-0.14%
2021-06-03,92059600000,6.39%
2021-06-02,86532500000,
2021-06-01,86532500000,0.57%
2021-05-28,86039300000,-0.77%
2021-05-27,86706600000,2.91%
2021-05-26,84255000000,2.33%
2021-05-25,82340100000,0.28%
2021-05-24,82108000000,-0.21%
2021-05-21,82282100000,2.18%
2021-05-20,80526700000,-0.04%
2021-05-19,80555800000,-0.64%
2021-05-18,81078000000,-0.27%
2021-05-17,81295600000,0.07%
2021-05-14,81237600000,2.56%
2021-05-13,79206600000,1.56%
2021-05-12,77988100000,-3.53%
2021-05-11,80845900000,-2.93%
2021-05-10,83283000000,-2.68%
2021-05-07,85575100000,0.46%
2021-05-06,85183400000,1.98%
2021-05-05,83529600000,4.75%
2021-05-04,79740100000,-3.17%
2021-05-03,82348200000,-0.12%
2021-04-30,82449000000,1.15%
2021-04-29,81512400000,-3.38%
2021-04-28,84365400000,-0.71%
2021-04-27,84970600000,1.31%
2021-04-26,83875500000,1.18%
2021-04-23,82895700000,1.54%
2021-04-22,81642100000,-1.44%
2021-04-21,82838100000,3.08%
2021-04-20,80359700000,-3.65%
2021-04-19,83400000000,-1.41%
2021-04-16,84596000000,0.17%
2021-04-15,84451900000,0.22%
2021-04-14,84264600000,-0.02%
2021-04-13,84279000000,-1.96%
2021-04-12,85964900000,-0.83%
2021-04-09,86685300000,0.12%
2021-04-08,86584500000,-1.22%
2021-04-07,87650700000,-1.79%
2021-04-06,89250100000,1.47%
2021-04-05,87953300000,5.61%
2021-04-01,83284800000,0.59%
2021-03-31,82794900000,-1.79%
2021-03-30,84307800000,4.59%
2021-03-29,80604700000,-1.03%
2021-03-26,81440400000,-0.14%
2021-03-25,81555700000,1.42%
2021-03-24,80417300000,-0.62%
2021-03-23,80921700000,-3.34%
2021-03-22,83717000000,-2.88%
2021-03-19,86195400000,0.93%
2021-03-18,85402900000,-1.30%
2021-03-17,86526800000,5.13%
2021-03-16,82304900000,-1.42%
2021-03-15,83486500000,-2.23%
2021-03-12,85388500000,5.20%
2021-03-11,81166600000,-0.88%
2021-03-10,81887100000,3.99%
2021-03-09,78745900000,-0.60%
2021-03-08,79221400000,2.29%
2021-03-05,77449100000,3.70%
2021-03-04,74682500000,-1.59%
2021-03-03,75892900000,-2.66%
2021-03-02,77967800000,2.99%
2021-03-01,75705600000,2.36%
2021-02-26,73962100000,1.44%
2021-02-25,72910200000,-4.35%
2021-02-24,76224300000,3.50%
2021-02-23,73645100000,-1.67%
2021-02-22,74898600000,-1.12%
2021-02-19,75748800000,0.79%
2021-02-18,75158000000,-1.38%
2021-02-17,76209900000,-1.07%
2021-02-16,77031200000,-0.26%
2021-02-12,77232900000,0.19%
2021-02-11,77088800000,-2.51%
2021-02-10,79077300000,-1.45%
2021-02-09,80239100000,-1.44%
2021-02-08,81412800000,4.54%
2021-02-05,77877400000,0.52%
2021-02-04,77476700000,-0.22%
2021-02-03,77648400000,2.90%
2021-02-02,75458500000,2.35%
2021-02-01,73726700000,1.64%
2021-01-29,72538700000,-0.71%
2021-01-28,73053900000,3.45%
2021-01-27,70620700000,-5.19%
2021-01-26,74485200000,-2.53%
2021-01-25,76417500000,-3.63%
2021-01-22,79294400000,0.58%
2021-01-21,78836400000,-1.40%
2021-01-20,79952800000,1.86%
2021-01-19,78492900000,9.75%
2021-01-15,71522400000,-3.03%
2021-01-14,73755300000,5.75%
2021-01-13,69747600000,1.90%
2021-01-12,68445100000,6.24%
2021-01-11,64423200000,4.53%
2021-01-08,61632100000,-0.60%
2021-01-07,62004200000,0.79%
2021-01-06,61517600000,3.17%
2021-01-05,59628300000,2.84%
2021-01-04,57982300000,-2.71%
2020-12-31,59599600000,-0.48%
2020-12-30,59885900000,0.65%
2020-12-29,59499500000,-0.22%
2020-12-28,59628300000,0.19%
2020-12-24,59513800000,-2.05%
2020-12-23,60759000000,3.79%
2020-12-22,58540500000,-0.75%
2020-12-21,58984200000,0.49%
2020-12-18,58697900000,-2.43%
2020-12-17,60157900000,1.47%
2020-12-16,59284800000,-0.58%
2020-12-15,59628300000,0.10%
2020-12-14,59571000000,-0.72%
2020-12-11,60000400000,-2.22%
2020-12-10,61360200000,-3.51%
2020-12-09,63593000000,1.44%
2020-12-08,62691300000,-1.15%
2020-12-07,63421200000,-0.20%
2020-12-04,63550100000,0.70%
2020-12-03,63106400000,-1.10%
2020-12-02,63807700000,-0.22%
2020-12-01,63950800000,1.92%
2020-11-30,62748500000,-2.71%
2020-11-27,64494700000,-0.88%
2020-11-25,65067200000,-2.15%
2020-11-24,66498600000,3.77%
2020-11-23,64079600000,4.02%
2020-11-20,61603500000,0.51%
2020-11-19,61288600000,0.23%
2020-11-18,61145500000,1.76%
2020-11-17,60086300000,-0.36%
2020-11-16,60301000000,2.28%
2020-11-13,58955600000,4.76%
2020-11-12,56279000000,-3.06%
2020-11-11,58053800000,-1.27%
2020-11-10,58798100000,5.44%
2020-11-09,55763700000,3.98%
2020-11-06,53631100000,0.89%
2020-11-05,53158800000,5.41%
2020-11-04,50431800000,-0.31%
2020-11-03,50589300000,2.32%
2020-11-02,49444400000,0.06%
2020-10-30,49415800000,-1.03%
2020-10-29,49931000000,2.35%
2020-10-28,48786100000,-2.29%
2020-10-27,49931000000,-2.60%
2020-10-26,51261900000,-2.74%
2020-10-23,52707300000,-1.55%
2020-10-22,53537300000,4.58%
2020-10-21,51190300000,0.48%
2020-10-20,50947000000,6.75%
2020-10-19,47727100000,-0.30%
2020-10-16,47870200000,2.64%
2020-10-15,46639400000,2.90%
2020-10-14,45322800000,-0.63%
2020-10-13,45609000000,-1.06%
2020-10-12,46095600000,0.16%
2020-10-09,46024100000,-0.16%
2020-10-08,46095600000,1.87%
2020-10-07,45251300000,4.01%
2020-10-06,43505300000,-1.81%
2020-10-05,44306700000,1.64%
2020-10-02,43591200000,0.26%
2020-10-01,43476700000,2.67%
2020-09-30,42346100000,2.96%
2020-09-29,41129700000,-2.38%
2020-09-28,42131500000,1.52%
2020-09-25,41501800000,-0.38%
2020-09-24,41659200000,-0.78%
2020-09-23,41988400000,-0.34%
2020-09-22,42131500000,-1.87%
2020-09-21,42932900000,-4.76%
2020-09-18,45079500000,-1.32%
2020-09-17,45680600000,0.41%
2020-09-16,45494600000,0.67%
2020-09-15,45194000000,1.28%
2020-09-14,44621600000,2.36%
2020-09-11,43591200000,0.96%
2020-09-10,43176200000,-5.57%
2020-09-09,45723500000,-1.33%
2020-09-08,46338900000,7.93%
2020-09-04,42932900000,1.76%
2020-09-03,42188700000,-4.78%
2020-09-02,44306700000,3.93%
2020-09-01,42632400000,0.54%
2020-08-31,42403400000,-1.30%
2020-08-28,42961500000,1.11%
2020-08-27,42489300000,0.71%
2020-08-26,42188700000,-0.71%
2020-08-25,42489300000,-2.05%
2020-08-24,43376500000,6.13%
2020-08-21,40872100000,-0.94%
2020-08-20,41258500000,-1.33%
2020-08-19,41816600000,-2.08%
2020-08-18,42703900000,-0.57%
2020-08-17,42947200000,7.72%
2020-08-14,39870300000,1.13%
2020-08-13,39426700000,-1.71%
2020-08-12,40113600000,-1.72%
2020-08-11,40814900000,1.93%
2020-08-10,40042100000,4.72%
2020-08-07,38238900000,0.38%
2020-08-06,38095800000,1.10%
2020-08-05,37680800000,2.05%
2020-08-04,36922300000,0.62%
2020-08-03,36693300000,3.01%
2020-07-31,35620000000,-1.23%
2020-07-30,36063600000,-2.67%
2020-07-29,37051100000,-1.67%
2020-07-28,37680200000,2.45%
2020-07-27,36778700000,-2.10%
2020-07-24,37565800000,-1.91%
2020-07-23,38295600000,1.75%
2020-07-22,37637300000,0.57%
2020-07-21,37422600000,0.54%
2020-07-20,37222300000,-1.66%
2020-07-17,37852000000,-1.49%
2020-07-16,38424400000,-0.11%
2020-07-15,38467300000,4.84%
2020-07-14,36692800000,3.14%
2020-07-13,35576600000,1.93%
2020-07-10,34904000000,4.14%
2020-07-09,33515800000,-6.09%
2020-07-08,35691000000,-0.76%
2020-07-07,35963000000,-2.33%
2020-07-06,36821600000,1.94%
2020-07-02,36120400000,1.12%
2020-07-01,35719700000,-1.34%
2020-06-30,36206200000,
2020-06-29,36206200000,3.43%
2020-06-26,35004100000,-3.05%
2020-06-25,36106100000,-0.20%
2020-06-24,36177600000,-3.70%
2020-06-23,37565800000,-0.45%
2020-06-22,37737500000,-0.83%
2020-06-19,38052300000,-1.85%
2020-06-18,38767900000,-0.26%
2020-06-17,38868000000,-2.23%
2020-06-16,39755300000,0.04%
2020-06-15,39741000000,-0.68%
2020-06-12,40012900000,5.51%
2020-06-11,37923500000,-7.83%
2020-06-10,41143400000,-3.72%
2020-06-09,42731900000,-2.67%
2020-06-08,43905400000,0.23%
2020-06-05,43805300000,4.97%
2020-06-04,41730200000,0.31%
2020-06-03,41601400000,6.06%
2020-06-02,39225800000,1.74%
2020-06-01,38553200000,4.10%
2020-05-29,37036300000,-3.00%
2020-05-28,38181100000,-3.99%
2020-05-27,39769600000,1.42%
2020-05-26,39211500000,5.47%
2020-05-22,37179400000,0.70%
2020-05-21,36921800000,1.26%
2020-05-20,36463800000,3.20%
2020-05-19,35333300000,-0.48%
2020-05-18,35505000000,9.63%
2020-05-15,32385300000,1.43%
2020-05-14,31927300000,3.96%
2020-05-13,30710900000,-4.88%
2020-05-12,32285100000,-1.05%
2020-05-11,32628500000,-4.72%
2020-05-08,34245700000,6.64%
2020-05-07,32113400000,2.51%
2020-05-06,31326300000,3.11%
2020-05-05,30380600000,2.46%
2020-05-04,29651800000,-0.72%
2020-05-01,29866100000,-6.24%
2020-04-30,31852500000,-6.27%
2020-04-29,33981700000,7.21%
2020-04-28,31695300000,-1.20%
2020-04-27,32081100000,2.28%
2020-04-24,31366600000,2.00%
2020-04-23,30752100000,1.03%
2020-04-22,30437700000,0.28%
2020-04-21,30352000000,-5.09%
2020-04-20,31981100000,-0.44%
2020-04-17,32124000000,7.71%
2020-04-16,29823300000,-3.65%
2020-04-15,30952200000,-5.74%
2020-04-14,32838500000,-0.13%
2020-04-13,32881300000,-4.36%
2020-04-09,34381800000,4.02%
2020-04-08,33052800000,8.59%
2020-04-07,30437700000,8.95%
2020-04-06,27937000000,8.37%
2020-04-03,25779200000,-0.82%
2020-04-02,25993500000,-5.56%
2020-04-01,27522600000,-7.31%
2020-03-31,29694700000,-2.53%
2020-03-30,30466300000,-0.28%
2020-03-27,30552100000,-5.23%
2020-03-26,32238300000,4.98%
2020-03-25,30709300000,1.80%
2020-03-24,30166200000,19.94%
2020-03-23,25150400000,-2.98%
2020-03-20,25922100000,2.43%
2020-03-19,25307600000,5.42%
2020-03-18,24007200000,-17.32%
2020-03-17,29037300000,-3.24%
2020-03-16,30009000000,-15.01%
2020-03-13,35310600000,7.25%
2020-03-12,32924200000,-11.38%
2020-03-11,37154100000,-4.13%
2020-03-10,38754500000,9.84%
2020-03-09,35282100000,-13.94%
2020-03-06,40998100000,-4.68%
2020-03-05,43013000000,-4.54%
2020-03-04,45056400000,3.31%
2020-03-03,43613100000,-2.86%
2020-03-02,44899200000,3.02%
2020-02-28,43584600000,-0.68%
2020-02-27,43884700000,-4.03%
2020-02-26,45728100000,0.79%
2020-02-25,45370800000,-4.05%
2020-02-24,47285700000,-4.50%
2020-02-21,49514900000,-1.81%
2020-02-20,50429500000,1.06%
2020-02-19,49900800000,1.48%
2020-02-18,49172000000,-1.01%
2020-02-14,49672100000,-1.50%
2020-02-13,50429500000,-0.56%
2020-02-12,50715300000,1.37%
2020-02-11,50029400000,2.22%
2020-02-10,48943300000,1.84%
2020-02-07,48057300000,-2.04%
2020-02-06,49057600000,-2.00%
2020-02-05,50057900000,1.94%
2020-02-04,49107300000,1.93%
2020-02-03,48178600000,0.99%
2020-01-31,47707100000,0.18%
2020-01-30,47621400000,-0.80%
2020-01-29,48007100000,-0.12%
2020-01-28,48064300000,0.69%
2020-01-27,47735700000,-2.62%
2020-01-24,49021600000,-1.63%
2020-01-23,49836000000,-0.09%
2020-01-22,49878900000,-0.23%
2020-01-21,49993200000,-1.71%
2020-01-17,50864700000,0.14%
2020-01-16,50793300000,1.14%
2020-01-15,50221800000,
2020-01-14,50221800000,0.49%
2020-01-13,49978900000,0.95%
2020-01-10,49507400000,-1.23%
2020-01-09,50121700000,1.24%
2020-01-08,49507400000,-1.42%
2020-01-07,50221800000,-1.93%
2020-01-06,51207600000,-1.32%
2020-01-03,51893400000,-2.84%
2020-01-02,53407900000,2.13%
2019-12-31,52293500000,0.44%
2019-12-30,52064900000,-0.33%
2019-12-27,52236300000,0.22%
2019-12-26,52122000000,-0.27%
2019-12-24,52264900000,-0.52%
2019-12-23,52536400000,-1.29%
2019-12-20,53222200000,-0.03%
2019-12-19,53236500000,-0.13%
2019-12-18,53307900000,2.75%
2019-12-17,51879100000,0.55%
2019-12-16,51593400000,1.29%
2019-12-13,50936200000,-1.25%
2019-12-12,51579100000,2.44%
2019-12-11,50350400000,0.37%
2019-12-10,50164600000,-0.76%
2019-12-09,50550400000,-0.45%
2019-12-06,50779000000,0.65%
2019-12-05,50450400000,-1.37%
2019-12-04,51150500000,0.76%
2019-12-03,50764700000,-0.98%
2019-12-02,51264800000,-0.33%
2019-11-29,51436200000,-0.39%
2019-11-27,51636300000,0.64%
2019-11-26,51307600000,0.28%
2019-11-25,51164800000,1.36%
2019-11-22,50478900000,1.90%
2019-11-21,49535900000,-1.73%
2019-11-20,50407500000,-3.02%
2019-11-19,51979200000,-0.66%
2019-11-18,52322100000,-0.73%
2019-11-15,52707800000,0.24%
2019-11-14,52579300000,-1.05%
2019-11-13,53136500000,-3.63%
2019-11-12,55136800000,-0.34%
2019-11-11,55322500000,0.13%
2019-11-08,55251100000,0.47%
2019-11-07,54993900000,0.18%
2019-11-06,54893900000,0.50%
2019-11-05,54622400000,-0.42%
2019-11-04,54851000000,1.11%
2019-11-01,54250900000,2.18%
2019-10-31,53093600000,-1.98%
2019-10-30,54165200000,-0.79%
2019-10-29,54593800000,4.36%
2019-10-28,52312000000,-0.27%
2019-10-25,52454800000,2.57%
2019-10-24,51141300000,-2.16%
2019-10-23,52269200000,0.83%
2019-10-22,51840800000,1.06%
2019-10-21,51298300000,-0.66%
2019-10-18,51641000000,-0.06%
2019-10-17,51669500000,-1.26%
2019-10-16,52326300000,1.08%
2019-10-15,51769500000,2.14%
2019-10-14,50684400000,-0.20%
2019-10-11,50784300000,2.63%
2019-10-10,49485100000,1.52%
2019-10-09,48742700000,0.77%
2019-10-08,48371500000,-2.50%
2019-10-07,49613600000,-0.46%
2019-10-04,49842000000,-0.20%
2019-10-03,49942000000,0.87%
2019-10-02,49513700000,-3.96%
2019-10-01,51555300000,-3.66%
2019-09-30,53511300000,0.16%
2019-09-27,53425600000,-0.51%
2019-09-26,53696900000,1.35%
2019-09-25,52983000000,0.92%
2019-09-24,52497600000,-1.26%
2019-09-23,53168600000,-0.35%
2019-09-20,53354200000,-1.09%
2019-09-19,53939600000,-1.05%
2019-09-18,54510700000,-0.29%
2019-09-17,54667800000,2.90%
2019-09-16,53125800000,-4.25%
2019-09-13,55481600000,-0.54%
2019-09-12,55781400000,-0.99%
2019-09-11,56338200000,-0.30%
2019-09-10,56509500000,
2019-09-09,56509500000,2.06%
2019-09-06,55367300000,0.13%
2019-09-05,55296000000,1.28%
2019-09-04,54596400000,3.60%
2019-09-03,52697500000,-0.49%
2019-08-30,52954500000,0.49%
2019-08-29,52697500000,1.29%
2019-08-28,52026500000,1.53%
2019-08-27,51241200000,-0.99%
2019-08-26,51755200000,0.53%
2019-08-23,51483900000,-3.22%
2019-08-22,53197200000,0.38%
2019-08-21,52997300000,0.43%
2019-08-20,52768900000,-1.07%
2019-08-19,53340000000,0.97%
2019-08-16,52826000000,1.45%
2019-08-15,52069300000,-1.94%
2019-08-14,53097300000,-4.67%
2019-08-13,55695700000,0.54%
2019-08-12,55395900000,-2.05%
2019-08-09,56552400000,-1.22%
2019-08-08,57251900000,1.80%
2019-08-07,56238300000,0.79%
2019-08-06,55795700000,0.18%
2019-08-05,55695700000,-1.94%
2019-08-02,56795100000,-0.92%
2019-08-01,57323300000,0.18%
2019-07-31,57218000000,-0.22%
2019-07-30,57345600000,-0.61%
2019-07-29,57700200000,-0.22%
2019-07-26,57827900000,0.05%
2019-07-25,57799500000,-0.32%
2019-07-24,57983900000,0.42%
2019-07-23,57742800000,2.13%
2019-07-22,56537100000,0.96%
2019-07-19,55998200000,0.92%
2019-07-18,55487500000,-0.10%
2019-07-17,55544300000,-0.68%
2019-07-16,55927200000,0.18%
2019-07-15,55827900000,0.38%
2019-07-12,55615200000,2.03%
2019-07-11,54508800000,0.87%
2019-07-10,54040800000,0.05%
2019-07-09,54012400000,-0.39%
2019-07-08,54225200000,-0.70%
2019-07-05,54608100000,0.89%
2019-07-03,54125900000,-0.47%
2019-07-02,54381200000,-1.06%
2019-07-01,54962700000,0.57%
2019-06-28,54650700000,0.55%
2019-06-27,54352800000,0.50%
2019-06-26,54083300000,1.19%
2019-06-25,53445000000,1.95%
2019-06-24,52423800000,0.11%
2019-06-21,52367100000,-0.11%
2019-06-20,52423800000,0.49%
2019-06-19,52168500000,0.22%
2019-06-18,52055000000,1.55%
2019-06-17,51260700000,1.35%
2019-06-14,50579900000,-1.00%
2019-06-13,51090500000,0.98%
2019-06-12,50594100000,-1.46%
2019-06-11,51345800000,0.53%
2019-06-10,51076300000,1.47%
2019-06-07,50338800000,0.85%
2019-06-06,49913200000,-1.81%
2019-06-05,50835200000,0.31%
2019-06-04,50679200000,6.02%
2019-06-03,47799800000,1.08%
2019-05-31,47289200000,-4.25%
2019-05-30,49388400000,0.09%
2019-05-29,49345900000,-0.17%
2019-05-28,49431000000,-0.77%
2019-05-24,49814000000,-0.03%
2019-05-23,49828100000,-1.18%
2019-05-22,50423900000,-4.26%
2019-05-21,52664900000,0.43%
2019-05-20,52438000000,-0.08%
2019-05-17,52480500000,-1.02%
2019-05-16,53019500000,0.03%
2019-05-15,53005300000,0.89%
2019-05-14,52537300000,1.31%
2019-05-13,51856400000,-3.51%
2019-05-10,53742900000,0.82%
2019-05-09,53303200000,-1.65%
2019-05-08,54196800000,-0.83%
2019-05-07,54650700000,1.16%
2019-05-06,54026600000,-1.83%
2019-05-03,55033600000,1.44%
2019-05-02,54253500000,-1.29%
2019-05-01,54962700000,-0.51%
2019-04-30,55246400000,-2.03%
2019-04-29,56393300000,0.83%
2019-04-26,55928100000,1.46%
2019-04-25,55124700000,-1.54%
2019-04-24,55984500000,-0.28%
2019-04-23,56139500000,0.84%
2019-04-22,55674400000,-1.99%
2019-04-18,56802000000,0.78%
2019-04-17,56365100000,0.83%
2019-04-16,55899900000,0.23%
2019-04-15,55773100000,-0.35%
2019-04-12,55970400000,0.97%
2019-04-11,55434800000,0.20%
2019-04-10,55322000000,1.00%
2019-04-09,54772400000,-0.51%
2019-04-08,55054200000,0.31%
2019-04-05,54885100000,0.39%
2019-04-04,54673700000,1.04%
2019-04-03,54109900000,1.53%
2019-04-02,53292400000,0.13%
2019-04-01,53221900000,1.78%
2019-03-29,52291700000,0.11%
2019-03-28,52235300000,1.23%
2019-03-27,51601000000,-0.71%
2019-03-26,51967500000,0.33%
2019-03-25,51798400000,0.85%
2019-03-22,51361400000,-2.44%
2019-03-21,52644000000,0.95%
2019-03-20,52150700000,-3.32%
2019-03-19,53940800000,0.76%
2019-03-18,53532000000,-0.24%
2019-03-15,53658900000,0.11%
2019-03-14,53602500000,-1.98%
2019-03-13,54687800000,0.47%
2019-03-12,54434100000,
2019-03-11,54434100000,1.66%
2019-03-08,53546100000,-0.13%
2019-03-07,53616600000,-1.63%
2019-03-06,54504600000,-1.55%
2019-03-05,55364300000,0.08%
2019-03-04,55322000000,-0.71%
2019-03-01,55716700000,0.13%
2019-02-28,55646200000,-1.30%
2019-02-27,56379200000,-0.27%
2019-02-26,56534200000,-0.07%
2019-02-25,56576500000,0.38%
2019-02-22,56365100000,0.93%
2019-02-21,55843600000,-0.83%
2019-02-20,56308700000,1.06%
2019-02-19,55716700000,1.13%
2019-02-15,55096500000,0.51%
2019-02-14,54814600000,-0.28%
2019-02-13,54969700000,-0.08%
2019-02-12,55012000000,1.04%
2019-02-11,54448200000,-0.18%
2019-02-08,54546800000,0.13%
2019-02-07,54476400000,-3.16%
2019-02-06,56252300000,1.41%
2019-02-05,55468200000,0.95%
2019-02-04,54945900000,0.39%
2019-02-01,54734200000,-0.62%
2019-01-31,55073000000,-0.18%
2019-01-30,55171800000,1.61%
2019-01-29,54296700000,0.03%
2019-01-28,54282600000,-0.47%
2019-01-25,54536600000,1.26%
2019-01-24,53859200000,1.30%
2019-01-23,53167600000,-1.26%
2019-01-22,53845000000,-1.19%
2019-01-18,54494300000,0.91%
2019-01-17,54000300000,1.57%
2019-01-16,53167600000,0.32%
2019-01-15,52998200000,-0.29%
2019-01-14,53153500000,1.29%
2019-01-11,52476000000,7.05%
2019-01-10,49018000000,-1.28%
2019-01-09,49653200000,1.06%
2019-01-08,49131000000,1.31%
2019-01-07,48495800000,3.09%
2019-01-04,47042100000,3.35%
2019-01-03,45517800000,-4.13%
2019-01-02,47479600000,0.57%
2018-12-31,47211500000,-1.39%
2018-12-28,47874800000,-0.12%
2018-12-27,47931300000,1.31%
2018-12-26,47310200000,3.55%
2018-12-24,45687100000,-1.85%
2018-12-21,46548100000,-3.76%
2018-12-20,48368800000,-1.89%
2018-12-19,49300300000,0.09%
2018-12-18,49258000000,0.69%
2018-12-17,48919200000,-1.25%
2018-12-14,49540300000,-0.03%
2018-12-13,49554400000,-1.60%
2018-12-12,50358900000,2.85%
2018-12-11,48961600000,0.78%
2018-12-10,48580500000,-0.78%
2018-12-07,48961600000,-2.83%
2018-12-06,50387100000,-2.25%
2018-12-04,51544500000,-5.02%
2018-12-03,54268500000,1.32%
2018-11-30,53562800000,3.24%
2018-11-29,51883200000,-0.51%
2018-11-28,52151400000,0.71%
2018-11-27,51784400000,-2.55%
2018-11-26,53139300000,4.79%
2018-11-23,50711700000,1.07%
2018-11-21,50175400000,1.31%
2018-11-20,49526200000,-1.65%
2018-11-19,50358900000,-0.20%
2018-11-16,50457700000,0.56%
2018-11-15,50175400000,0.91%
2018-11-14,49723700000,-1.95%
2018-11-13,50711700000,0.67%
2018-11-12,50373000000,-0.03%
2018-11-09,50387100000,-2.38%
2018-11-08,51615000000,-0.84%
2018-11-07,52052600000,1.15%
2018-11-06,51459800000,0.58%
2018-11-05,51163400000,0.61%
2018-11-02,50852900000,-1.21%
2018-11-01,51473900000,-0.33%
2018-10-31,51643300000,9.13%
2018-10-30,47321200000,1.24%
2018-10-29,46742700000,1.47%
2018-10-26,46065500000,2.03%
2018-10-25,45148400000,4.71%
2018-10-24,43116700000,-4.86%
2018-10-23,45317700000,2.49%
2018-10-22,44217200000,0.45%
2018-10-19,44019700000,0.39%
2018-10-18,43850400000,-2.66%
2018-10-17,45049700000,-1.27%
2018-10-16,45628100000,0.68%
2018-10-15,45317700000,1.04%
2018-10-12,44852100000,-1.61%
2018-10-11,45585800000,-0.89%
2018-10-10,45995000000,-0.15%
2018-10-09,46065500000,-4.67%
2018-10-08,48322900000,0.38%
2018-10-05,48139500000,-0.38%
2018-10-04,48322900000,0.74%
2018-10-03,47970200000,2.10%
2018-10-02,46982600000,-2.63%
2018-10-01,48252400000,1.57%
2018-09-28,47504600000,
2018-09-27,47504600000,-0.18%
2018-09-26,47589300000,0.54%
2018-09-25,47335300000,-3.45%
2018-09-24,49028400000,-1.61%
2018-09-21,49832600000,-2.11%
2018-09-20,50904900000,0.98%
2018-09-19,50411000000,1.79%
2018-09-18,49522200000,0.23%
2018-09-17,49409300000,1.13%
2018-09-14,48859100000,1.11%
2018-09-13,48322900000,0.56%
2018-09-12,48054900000,0.86%
2018-09-11,47645700000,-0.30%
2018-09-10,47786800000,-0.12%
2018-09-07,47843200000,-1.37%
2018-09-06,48506300000,-2.58%
2018-09-05,49790200000,-0.87%
2018-09-04,50227600000,-1.25%
2018-08-31,50862500000,-0.85%
2018-08-30,51299900000,-2.05%
2018-08-29,52372200000,-0.54%
2018-08-28,52654400000,-0.98%
2018-08-27,53176400000,4.84%
2018-08-24,50721400000,0.78%
2018-08-23,50326400000,-1.27%
2018-08-22,50975400000,-2.11%
2018-08-21,52075900000,0.38%
2018-08-20,51878400000,1.07%
2018-08-17,51328100000,0.25%
2018-08-16,51201100000,0.97%
2018-08-15,50707300000,-0.72%
2018-08-14,51074200000,0.11%
2018-08-13,51017700000,-1.18%
2018-08-10,51624400000,-2.45%
2018-08-09,52922400000,-0.40%
2018-08-08,53134100000,0.21%
2018-08-07,53021200000,-0.05%
2018-08-06,53049400000,-0.34%
2018-08-03,53232800000,3.03%
2018-08-02,51666700000,-1.40%
2018-08-01,52400400000,-2.03%
2018-07-31,53486800000,0.64%
2018-07-30,53148200000,0.37%
2018-07-27,52950600000,2.12%
2018-07-26,51850100000,-2.39%
2018-07-25,53119900000,-4.52%
2018-07-24,55636500000,0.53%
2018-07-23,55340600000,-0.33%
2018-07-20,55523800000,0.23%
2018-07-19,55396900000,-1.40%
2018-07-18,56186100000,-0.40%
2018-07-17,56411600000,1.19%
2018-07-16,55749200000,0.51%
2018-07-13,55467400000,0.23%
2018-07-12,55340600000,-0.08%
2018-07-11,55382800000,-1.97%
2018-07-10,56496100000,0.86%
2018-07-09,56017000000,1.51%
2018-07-06,55185500000,-0.79%
2018-07-05,55622400000,1.28%
2018-07-03,54917800000,-1.34%
2018-07-02,55664700000,0.25%
2018-06-29,55523800000,-2.76%
2018-06-28,57102100000,0.37%
2018-06-27,56890700000,-1.56%
2018-06-26,57792600000,0.98%
2018-06-25,57228900000,-1.55%
2018-06-22,58130800000,0.32%
2018-06-21,57947600000,-1.98%
2018-06-20,59117300000,-0.73%
2018-06-19,59554200000,-3.85%
2018-06-18,61935800000,0.09%
2018-06-15,61879400000,0.78%
2018-06-14,61400300000,-1.98%
2018-06-13,62640400000,0.61%
2018-06-12,62259900000,-1.49%
2018-06-11,63204100000,1.36%
2018-06-08,62358500000,0.55%
2018-06-07,62020300000,0.18%
2018-06-06,61907600000,1.20%
2018-06-05,61174800000,-0.85%
2018-06-04,61696200000,1.34%
2018-06-01,60878800000,1.17%
2018-05-31,60174200000,12.87%
2018-05-30,53311300000,1.20%
2018-05-29,52677100000,-2.40%
2018-05-25,53973600000,-0.23%
2018-05-24,54100400000,1.43%
2018-05-23,53339500000,-1.12%
2018-05-22,53945400000,0.50%
2018-05-21,53677700000,0.79%
2018-05-18,53254900000,-1.33%
2018-05-17,53973600000,0.71%
2018-05-16,53593100000,2.95%
2018-05-15,52057100000,0.85%
2018-05-14,51620200000,-0.70%
2018-05-11,51986600000,-0.73%
2018-05-10,52367100000,2.45%
2018-05-09,51112900000,-0.17%
2018-05-08,51197400000,-0.03%
2018-05-07,51211500000,-1.01%
2018-05-04,51732900000,1.55%
2018-05-03,50943800000,-0.14%
2018-05-02,51014200000,-0.60%
2018-05-01,51324300000,-0.87%
2018-04-30,51775200000,-2.42%
2018-04-27,53057600000,-1.57%
2018-04-26,53903100000,0.84%
2018-04-25,53454200000,0.47%
2018-04-24,53201800000,0.64%
2018-04-23,52865100000,0.21%
2018-04-20,52752900000,-0.42%
2018-04-19,52977300000,-2.98%
2018-04-18,54604400000,-0.74%
2018-04-17,55011200000,0.13%
2018-04-16,54941000000,1.14%
2018-04-13,54323900000,-0.26%
2018-04-12,54464100000,-0.44%
2018-04-11,54702600000,-0.18%
2018-04-10,54800800000,3.28%
2018-04-09,53061500000,0.40%
2018-04-06,52851100000,-0.84%
2018-04-05,53300000000,-0.08%
2018-04-04,53342000000,2.95%
2018-04-03,51813200000,3.30%
2018-04-02,50158100000,-1.60%
2018-03-29,50971600000,2.45%
2018-03-28,49751300000,1.72%
2018-03-27,48909700000,-3.11%
2018-03-26,50480700000,2.33%
2018-03-23,49330500000,-3.25%
2018-03-22,50985600000,-3.27%
2018-03-21,52710800000,1.87%
2018-03-20,51743000000,-0.32%
2018-03-19,51911300000,-2.45%
2018-03-16,53215800000,0.24%
2018-03-15,53089600000,0.42%
2018-03-14,52865100000,-0.84%
2018-03-13,53314000000,0.48%
2018-03-12,53061500000,-0.03%
2018-03-09,53075500000,
2018-03-08,53075500000,0.26%
2018-03-07,52935300000,-0.50%
2018-03-06,53201800000,0.50%
2018-03-05,52935300000,0.83%
2018-03-02,52500500000,-0.95%
2018-03-01,53005400000,-3.96%
2018-02-28,55193500000,-2.04%
2018-02-27,56343700000,-3.30%
2018-02-26,58265300000,1.54%
2018-02-23,57381600000,
2018-02-22,57381600000,0.86%
2018-02-21,56890700000,-0.51%
2018-02-20,57185200000,-0.78%
2018-02-16,57634100000,-1.82%
2018-02-15,58700100000,0.10%
2018-02-14,58644000000,0.99%
2018-02-13,58068900000,-1.43%
2018-02-12,58910500000,1.30%
2018-02-09,58153100000,1.74%
2018-02-08,57157200000,-3.87%
2018-02-07,59457500000,1.27%
2018-02-06,58714100000,4.54%
2018-02-05,56162900000,-3.56%
2018-02-02,58236700000,-3.37%
2018-02-01,60267900000,0.05%
2018-01-31,60239500000,-0.68%
2018-01-30,60651400000,-0.74%
2018-01-29,61105900000,-1.08%
2018-01-26,61773500000,0.76%
2018-01-25,61304800000,-2.26%
2018-01-24,62725200000,1.80%
2018-01-23,61617300000,0.21%
2018-01-22,61489400000,0.32%
2018-01-19,61290600000,-1.62%
2018-01-18,62299100000,-0.39%
2018-01-17,62540500000,-0.36%
2018-01-16,62767800000,0.27%
2018-01-12,62597400000,-0.27%
2018-01-11,62767800000,2.77%
2018-01-10,61077500000,-2.38%
2018-01-09,62569000000,-0.38%
2018-01-08,62810400000,0.48%
2018-01-05,62512100000,-0.29%
2018-01-04,62696800000,3.08%
2018-01-03,60821900000,2.44%
2018-01-02,59373000000,1.98%
2017-12-29,58222500000,-0.94%
2017-12-28,58776500000,0.17%
2017-12-27,58677000000,-1.17%
2017-12-26,59373000000,-0.52%
2017-12-22,59685500000,-0.33%
2017-12-21,59884400000,-0.85%
2017-12-20,60395700000,0.07%
2017-12-19,60353100000,0.81%
2017-12-18,59870200000,2.93%
2017-12-15,58165700000,0.34%
2017-12-14,57966800000,-1.43%
2017-12-13,58804900000,-0.31%
2017-12-12,58989500000,-0.34%
2017-12-11,59188400000,-0.83%
2017-12-08,59685500000,
2017-12-07,59685500000,-0.31%
2017-12-06,59870200000,-1.52%
2017-12-05,60793400000,-0.58%
2017-12-04,61148500000,0.61%
2017-12-01,60779200000,-0.70%
2017-11-30,61205400000,-1.64%
2017-11-29,62228100000,-2.47%
2017-11-28,63804700000,1.70%
2017-11-27,62739400000,-0.65%
2017-11-24,63151300000,0.38%
2017-11-22,62909900000,-1.51%
2017-11-21,63875700000,0.20%
2017-11-20,63747900000,2.28%
2017-11-17,62327500000,0.64%
2017-11-16,61929800000,1.73%
2017-11-15,60878700000,-0.33%
2017-11-14,61077500000,-1.31%
2017-11-13,61887200000,2.13%
2017-11-10,60594600000,1.31%
2017-11-09,59813400000,
2017-11-08,59813400000,0.98%
2017-11-07,59231000000,-1.04%
2017-11-06,59856000000,-0.47%
2017-11-03,60140100000,-0.61%
2017-11-02,60509400000,-1.23%
2017-11-01,61262200000,0.35%
2017-10-31,61049100000,-0.90%
2017-10-30,61603100000,-2.84%
2017-10-27,63407000000,-1.35%
2017-10-26,64273400000,0.29%
2017-10-25,64088800000,-2.93%
2017-10-24,66020500000,0.35%
2017-10-23,65793000000,-1.01%
2017-10-20,66463300000,0.57%
2017-10-19,66084400000,0.51%
2017-10-18,65749200000,0.22%
2017-10-17,65603500000,-1.62%
2017-10-16,66681900000,-0.26%
2017-10-13,66856700000,2.21%
2017-10-12,65414100000,-1.28%
2017-10-11,66259300000,0.58%
2017-10-10,65880400000,-0.26%
2017-10-09,66055300000,0.89%
2017-10-06,65472400000,2.46%
2017-10-05,63898600000,0.16%
2017-10-04,63796600000,0.76%
2017-10-03,63315700000,3.08%
2017-10-02,61421300000,4.38%
2017-09-29,58842100000,-0.49%
2017-09-28,59133500000,
2017-09-27,59133500000,0.79%
2017-09-26,58667200000,-0.10%
2017-09-25,58725500000,2.23%
2017-09-22,57443100000,0.82%
2017-09-21,56976800000,0.57%
2017-09-20,56656300000,0.47%
2017-09-19,56394000000,0.29%
2017-09-18,56233700000,-0.75%
2017-09-15,56656300000,0.23%
2017-09-14,56525100000,1.52%
2017-09-13,55679900000,0.84%
2017-09-12,55213600000,1.45%
2017-09-11,54426700000,0.95%
2017-09-08,53916700000,0.24%
2017-09-07,53785600000,-2.02%
2017-09-06,54893000000,1.18%
2017-09-05,54251900000,-0.35%
2017-09-01,54441300000,2.24%
2017-08-31,53246400000,2.01%
2017-08-30,52197200000,0.84%
2017-08-29,51760000000,0.03%
2017-08-28,51745500000,-0.25%
2017-08-25,51876600000,0.23%
2017-08-24,51760000000,0.08%
2017-08-23,51716300000,0.54%
2017-08-22,51439500000,1.12%
2017-08-21,50871100000,0.23%
2017-08-18,50754600000,-0.49%
2017-08-17,51002300000,-2.10%
2017-08-16,52095200000,0.59%
2017-08-15,51789200000,0.20%
2017-08-14,51687200000,1.55%
2017-08-11,50900300000,0.14%
2017-08-10,50827400000,-1.13%
2017-08-09,51410300000,-0.31%
2017-08-08,51570600000,0.25%
2017-08-07,51439500000,0.09%
2017-08-04,51395700000,1.44%
2017-08-03,50667100000,-0.14%
2017-08-02,50740000000,0.17%
2017-08-01,50652600000,-3.39%
2017-07-31,52430400000,0.59%
2017-07-28,52124300000,-0.47%
2017-07-27,52372100000,0.90%
2017-07-26,51905800000,0.14%
2017-07-25,51832900000,-4.11%
2017-07-24,54056400000,-0.69%
2017-07-21,54433600000,-0.93%
2017-07-20,54946700000,-0.16%
2017-07-19,55037300000,0.11%
2017-07-18,54976900000,0.14%
2017-07-17,54901500000,0.08%
2017-07-14,54856200000,1.37%
2017-07-13,54116700000,1.01%
2017-07-12,53573500000,0.28%
2017-07-11,53422500000,0.60%
2017-07-10,53105600000,0.72%
2017-07-07,52728400000,0.20%
2017-07-06,52622700000,-0.40%
2017-07-05,52834000000,-1.57%
2017-07-03,53679100000,1.83%
2017-06-30,52713300000,0.20%
2017-06-29,52607600000,0.81%
2017-06-28,52185100000,1.08%
2017-06-27,51626700000,-0.90%
2017-06-26,52094500000,0.94%
2017-06-23,51611600000,0.03%
2017-06-22,51596500000,0.18%
2017-06-21,51506000000,-0.78%
2017-06-20,51913400000,0.15%
2017-06-19,51838000000,0.18%
2017-06-16,51747400000,-0.90%
2017-06-15,52215300000,-0.03%
2017-06-14,52230300000,0.29%
2017-06-13,52079400000,-0.49%
2017-06-12,52336000000,0.99%
2017-06-09,51822900000,0.67%
2017-06-08,51475800000,-0.67%
2017-06-07,51822900000,-0.26%
2017-06-06,51958700000,-0.09%
2017-06-05,52004000000,0.03%
2017-06-02,51988900000,0.06%
2017-06-01,51958700000,1.47%
2017-05-31,51204100000,1.19%
2017-05-30,50600500000,1.39%
2017-05-26,49906300000,1.44%
2017-05-25,49197000000,-1.81%
2017-05-24,50102500000,-0.06%
2017-05-23,50132700000,0.91%
2017-05-22,49679900000,0.61%
2017-05-19,49378100000,0.77%
2017-05-18,49000800000,0.15%
2017-05-17,48925400000,-2.99%
2017-05-16,50434500000,-1.18%
2017-05-15,51038100000,0.59%
2017-05-12,50736300000,-1.44%
2017-05-11,51475800000,-0.35%
2017-05-10,51656900000,-0.09%
2017-05-09,51702200000,0.85%
2017-05-08,51264500000,0.59%
2017-05-05,50962700000,1.87%
2017-05-04,50027000000,-0.99%
2017-05-03,50525000000,0.84%
2017-05-02,50102500000,-2.92%
2017-05-01,51611600000,-1.27%
2017-04-28,52275600000,1.04%
2017-04-27,51739700000,0.47%
2017-04-26,51500000000,1.15%
2017-04-25,50915800000,0.24%
2017-04-24,50796000000,0.47%
2017-04-21,50556300000,-1.03%
2017-04-20,51080600000,0.92%
2017-04-19,50616200000,0.30%
2017-04-18,50466400000,-0.62%
2017-04-17,50781000000,1.53%
2017-04-13,50017000000,-1.62%
2017-04-12,50840900000,0.06%
2017-04-11,50811000000,-0.15%
2017-04-10,50885900000,0.77%
2017-04-07,50496400000,-1.32%
2017-04-06,51170500000,0.47%
2017-04-05,50930800000,-0.79%
2017-04-04,51335200000,0.29%
2017-04-03,51185400000,-3.37%
2017-03-31,52968000000,-0.14%
2017-03-30,53042900000,-0.37%
2017-03-29,53237700000,-0.06%
2017-03-28,53267600000,2.45%
2017-03-27,51994300000,0.43%
2017-03-24,51769700000,0.88%
2017-03-23,51320300000,-0.38%
2017-03-22,51515000000,-0.46%
2017-03-21,51754700000,-3.25%
2017-03-20,53492300000,-1.71%
2017-03-17,54421100000,-2.02%
2017-03-16,55544500000,-0.03%
2017-03-15,55559500000,0.35%
2017-03-14,55364800000,0.24%
2017-03-13,55230000000,0.11%
2017-03-10,55170000000,
2017-03-09,55170000000,-1.18%
2017-03-08,55829100000,-0.67%
2017-03-07,56203600000,-1.03%
2017-03-06,56787800000,-0.84%
2017-03-03,57267200000,1.24%
2017-03-02,56563100000,0.88%
2017-03-01,56068800000,1.60%
2017-02-28,55185000000,-1.15%
2017-02-27,55829100000,1.00%
2017-02-24,55274900000,-0.94%
2017-02-23,55799200000,-1.56%
2017-02-22,56683000000,0.08%
2017-02-21,56638000000,1.59%
2017-02-17,55754200000,0.51%
2017-02-16,55469600000,-0.13%
2017-02-15,55544500000,-0.43%
2017-02-14,55784200000,4.84%
2017-02-13,53207700000,1.00%
2017-02-10,52683400000,0.26%
2017-02-09,52548600000,-0.17%
2017-02-08,52638500000,0.11%
2017-02-07,52578600000,-6.35%
2017-02-06,56141600000,1.38%
2017-02-03,55379400000,1.68%
2017-02-02,54464800000,-1.13%
2017-02-01,55089800000,-1.28%
2017-01-31,55806200000,0.77%
2017-01-30,55379400000,-1.84%
2017-01-27,56416000000,-1.36%
2017-01-26,57193400000,-1.99%
2017-01-25,58351900000,3.46%
2017-01-24,56400700000,0.95%
2017-01-23,55867200000,-0.97%
2017-01-20,56416000000,-0.78%
2017-01-19,56858000000,-0.45%
2017-01-18,57117200000,0.43%
2017-01-17,56873300000,-0.08%
2017-01-13,56919000000,-0.45%
2017-01-12,57178100000,-1.16%
2017-01-11,57848900000,1.61%
2017-01-10,56934200000,3.72%
2017-01-09,54891600000,0.06%
2017-01-06,54861100000,-1.10%
2017-01-05,55470900000,-1.89%
2017-01-04,56537900000,5.52%
2017-01-03,53580700000,0.89%
2016-12-30,53108100000,-0.85%
2016-12-29,53565400000,-0.03%
2016-12-28,53580700000,-1.10%
2016-12-27,54175200000,-0.42%
2016-12-23,54403800000,
2016-12-22,54403800000,-2.00%
2016-12-21,55516600000,-0.52%
2016-12-20,55806200000,0.58%
2016-12-19,55486100000,0.08%
2016-12-16,55440400000,0.36%
2016-12-15,55242200000,0.81%
2016-12-14,54800200000,-3.77%
2016-12-13,56949500000,0.70%
2016-12-12,56553200000,-1.49%
2016-12-09,57406800000,3.40%
2016-12-08,55516600000,0.33%
2016-12-07,55333700000,3.51%
2016-12-06,53458700000,0.37%
2016-12-05,53260600000,-1.33%
2016-12-02,53977000000,-2.80%
2016-12-01,55531900000,5.50%
2016-11-30,52635600000,-0.12%
2016-11-29,52696600000,1.53%
2016-11-28,51903900000,-0.58%
2016-11-25,52208800000,1.15%
2016-11-23,51614300000,0.15%
2016-11-22,51538100000,2.42%
2016-11-21,50318600000,0.03%
2016-11-18,50303400000,-1.26%
2016-11-17,50943600000,0.57%
2016-11-16,50654000000,-0.60%
2016-11-15,50958800000,0.45%
2016-11-14,50730200000,-2.18%
2016-11-11,51858200000,3.94%
2016-11-10,49891800000,5.72%
2016-11-09,47193700000,-2.43%
2016-11-08,48367400000,-0.91%
2016-11-07,48809500000,2.76%
2016-11-04,47498600000,0.29%
2016-11-03,47361400000,-1.21%
2016-11-02,47940600000,-0.10%
2016-11-01,47986300000,-0.38%
2016-10-31,48169300000,0.89%
2016-10-28,47742500000,-0.03%
2016-10-27,47757700000,-0.79%
2016-10-26,48138800000,-0.06%
2016-10-25,48169300000,-6.49%
2016-10-24,51512200000,2.93%
2016-10-21,50044000000,0.91%
2016-10-20,49591000000,-0.31%
2016-10-19,49747200000,1.43%
2016-10-18,49044300000,-0.51%
2016-10-17,49294300000,-0.97%
2016-10-14,49778400000,1.14%
2016-10-13,49216200000,-0.54%
2016-10-12,49481700000,-0.66%
2016-10-11,49809700000,-0.81%
2016-10-10,50215800000,-0.59%
2016-10-07,50512600000,-0.58%
2016-10-06,50809300000,-0.46%
2016-10-05,51043600000,1.59%
2016-10-04,50247000000,0.41%
2016-10-03,50044000000,0.85%
2016-09-30,49622300000,0.92%
2016-09-29,49169300000,-1.32%
2016-09-28,49825300000,0.95%
2016-09-27,49356700000,-0.63%
2016-09-26,49669100000,-1.00%
2016-09-23,50168900000,-0.83%
2016-09-22,50590600000,0.87%
2016-09-21,50153300000,1.45%
2016-09-20,49434800000,-0.22%
2016-09-19,49544200000,2.42%
2016-09-16,48372700000,-0.48%
2016-09-15,48607000000,1.34%
2016-09-14,47966600000,-0.74%
2016-09-13,48325900000,-0.77%
2016-09-12,48700700000,2.30%
2016-09-09,47607400000,-3.88%
2016-09-08,49528500000,-0.56%
2016-09-07,49809700000,-0.72%
2016-09-06,50168900000,-0.12%
2016-09-02,50231400000,1.13%
2016-09-01,49669100000,-0.38%
2016-08-31,49856500000,0.79%
2016-08-30,49466100000,-0.44%
2016-08-29,49684700000,0.89%
2016-08-26,49247400000,-0.03%
2016-08-25,49263000000,-0.76%
2016-08-24,49637900000,-0.38%
2016-08-23,49825300000,0.09%
2016-08-22,49778400000,0.13%
2016-08-19,49716000000,0.89%
2016-08-18,49278600000,-0.94%
2016-08-17,49747200000,0.44%
2016-08-16,49528500000,-0.47%
2016-08-15,49762800000,0.92%
2016-08-12,49309900000,-0.57%
2016-08-11,49591000000,1.60%
2016-08-10,48810100000,0.58%
2016-08-09,48528900000,0.62%
2016-08-08,48232100000,0.26%
2016-08-05,48107200000,1.52%
2016-08-04,47388700000,0.33%
2016-08-03,47232500000,1.04%
2016-08-02,46748300000,-4.38%
2016-08-01,48888200000,-0.76%
2016-07-29,49263000000,1.77%
2016-07-28,48404000000,-3.22%
2016-07-27,50012700000,-0.40%
2016-07-26,50215800000,0.28%
2016-07-25,50075200000,-0.31%
2016-07-22,50231400000,0.41%
2016-07-21,50028400000,3.17%
2016-07-20,48489100000,0.77%
2016-07-19,48119500000,1.23%
2016-07-18,47534400000,0.33%
2016-07-15,47380400000,0.03%
2016-07-14,47365000000,0.42%
2016-07-13,47164900000,0.10%
2016-07-12,47118700000,1.56%
2016-07-11,46394900000,1.58%
2016-07-08,45671200000,3.20%
2016-07-07,44254600000,1.20%
2016-07-06,43731000000,0.82%
2016-07-05,43376900000,-2.49%
2016-07-01,44485600000,2.08%
2016-06-30,43577100000,0.46%
2016-06-29,43376900000,1.55%
2016-06-28,42714800000,0.84%
2016-06-27,42360600000,-2.96%
2016-06-24,43654000000,-4.93%
2016-06-23,45917600000,1.71%
2016-06-22,45147700000,-0.64%
2016-06-21,45440200000,-0.47%
2016-06-20,45655800000,1.44%
2016-06-17,45009100000,0.72%
2016-06-16,44685700000,0.55%
2016-06-15,44439400000,0.10%
2016-06-14,44393200000,-0.86%
2016-06-13,44778100000,0.07%
2016-06-10,44747300000,-1.02%
2016-06-09,45209300000,-0.71%
2016-06-08,45532600000,-2.18%
2016-06-07,46548900000,0.80%
2016-06-06,46179400000,1.32%
2016-06-03,45578800000,-2.18%
2016-06-02,46595100000,0.13%
2016-06-01,46533500000,-3.39%
2016-05-31,48165700000,-0.35%
2016-05-27,48335100000,0.32%
2016-05-26,48181100000,-1.14%
2016-05-25,48735500000,1.93%
2016-05-24,47811600000,1.50%
2016-05-23,47103300000,0.07%
2016-05-20,47072500000,0.82%
2016-05-19,46687500000,-1.40%
2016-05-18,47349600000,0.39%
2016-05-17,47164900000,-0.13%
2016-05-16,47226400000,0.49%
2016-05-13,46995500000,-2.12%
2016-05-12,48011800000,0.32%
2016-05-11,47857800000,-0.86%
2016-05-10,48273500000,1.85%
2016-05-09,47395800000,-0.58%
2016-05-06,47673000000,1.38%
2016-05-05,47026300000,-0.16%
2016-05-04,47103300000,-2.11%
2016-05-03,48119500000,-1.57%
2016-05-02,48889500000,-0.16%
2016-04-29,48966400000,-1.97%
2016-04-28,49951900000,0.87%
2016-04-27,49520800000,-0.09%
2016-04-26,49567000000,0.75%
2016-04-25,49197400000,-0.71%
2016-04-22,49551600000,-1.47%
2016-04-21,50290700000,1.15%
2016-04-20,49717200000,0.69%
2016-04-19,49377400000,2.11%
2016-04-18,48358100000,2.45%
2016-04-15,47199700000,-0.52%
2016-04-14,47446800000,-0.19%
2016-04-13,47539500000,3.60%
2016-04-12,45886900000,0.61%
2016-04-11,45608900000,0.54%
2016-04-08,45361700000,-0.17%
2016-04-07,45439000000,-1.74%
2016-04-06,46242100000,1.15%
2016-04-05,45717000000,-1.00%
2016-04-04,46180300000,-1.87%
2016-04-01,47060700000,-3.05%
2016-03-31,48543400000,1.42%
2016-03-30,47863800000,-0.64%
2016-03-29,48172700000,0.55%
2016-03-28,47910200000,0.19%
2016-03-24,47817500000,-1.12%
2016-03-23,48358100000,-1.85%
2016-03-22,49269300000,-0.56%
2016-03-21,49547300000,0.38%
2016-03-18,49362000000,
2016-03-17,49362000000,0.85%
2016-03-16,48945000000,2.06%
2016-03-15,47956500000,-0.42%
2016-03-14,48157300000,-0.26%
2016-03-11,48280800000,1.43%
2016-03-10,47601300000,0.92%
2016-03-09,47168800000,-0.46%
2016-03-08,47385000000,-2.88%
2016-03-07,48790500000,0.70%
2016-03-04,48450700000,0.97%
2016-03-03,47987400000,3.05%
2016-03-02,46566500000,0.47%
2016-03-01,46350200000,1.94%
2016-02-29,45469900000,-0.64%
2016-02-26,45763300000,0.44%
2016-02-25,45562500000,2.29%
2016-02-24,44543200000,-1.84%
2016-02-23,45377200000,-0.84%
2016-02-22,45763300000,2.95%
2016-02-19,44450500000,-0.86%
2016-02-18,44836600000,-0.82%
2016-02-17,45207300000,2.41%
2016-02-16,44141600000,3.14%
2016-02-12,42797900000,3.01%
2016-02-11,41546900000,-2.92%
2016-02-10,42797900000,-0.57%
2016-02-09,43045000000,-2.82%
2016-02-08,44296000000,0.49%
2016-02-05,44079800000,-0.35%
2016-02-04,44234300000,-0.97%
2016-02-03,44666700000,-3.19%
2016-02-02,46140600000,-1.53%
2016-02-01,46856500000,1.59%
2016-01-29,46125100000,2.14%
2016-01-28,45160300000,-0.65%
2016-01-27,45455900000,-1.48%
2016-01-26,46140600000,1.44%
2016-01-25,45487100000,-0.17%
2016-01-22,45564900000,-0.91%
2016-01-21,45985000000,0.44%
2016-01-20,45782700000,0.07%
2016-01-19,45751600000,-0.58%
2016-01-15,46016200000,-2.41%
2016-01-14,47152200000,-0.62%
2016-01-13,47447800000,0.63%
2016-01-12,47152200000,0.17%
2016-01-11,47074400000,2.44%
2016-01-08,45953900000,-1.53%
2016-01-07,46669700000,-4.09%
2016-01-06,48661700000,-3.58%
2016-01-05,50466800000,-2.64%
2016-01-04,51836300000,-2.06%
2015-12-31,52925600000,-0.93%
2015-12-30,53423600000,-0.49%
2015-12-29,53688100000,-0.03%
2015-12-28,53703700000,-0.26%
2015-12-24,53843700000,-0.52%
2015-12-23,54123800000,1.43%
2015-12-22,53361300000,1.36%
2015-12-21,52645500000,0.48%
2015-12-18,52396500000,-1.29%
2015-12-17,53081200000,-2.93%
2015-12-16,54684100000,1.74%
2015-12-15,53750400000,0.44%
2015-12-14,53516900000,-0.46%
2015-12-11,53765900000,-3.03%
2015-12-10,55446600000,0.51%
2015-12-09,55166500000,-0.08%
2015-12-08,55213200000,-1.80%
2015-12-07,56224700000,-0.33%
2015-12-04,56411400000,2.20%
2015-12-03,55197600000,-0.73%
2015-12-02,55602200000,-1.46%
2015-12-01,56427000000,0.17%
2015-11-30,56333600000,-0.47%
2015-11-27,56598200000,0.08%
2015-11-25,56551500000,0.33%
2015-11-24,56364700000,0.39%
2015-11-23,56146900000,-0.72%
2015-11-20,56551500000,0.55%
2015-11-19,56240200000,-0.88%
2015-11-18,56738200000,3.55%
2015-11-17,54793000000,0.11%
2015-11-16,54730700000,2.51%
2015-11-13,53392400000,-2.22%
2015-11-12,54606200000,-1.29%
2015-11-11,55322100000,-0.20%
2015-11-10,55431000000,-0.14%
2015-11-09,55508800000,-0.22%
2015-11-06,55633300000,0.87%
2015-11-05,55150900000,0.06%
2015-11-04,55119800000,-1.01%
2015-11-03,55680000000,0.59%
2015-11-02,55353200000,1.89%
2015-10-30,54326100000,0.46%
2015-10-29,54077100000,-1.33%
2015-10-28,54808600000,0.72%
2015-10-27,54419500000,-1.96%
2015-10-26,55508800000,-0.78%
2015-10-23,55944600000,1.50%
2015-10-22,55119800000,
2015-10-21,55119800000,3.94%
2015-10-20,53032200000,0.72%
2015-10-19,52652100000,0.27%
2015-10-16,52509500000,-0.51%
2015-10-15,52778800000,-0.03%
2015-10-14,52794600000,0.60%
2015-10-13,52477800000,0.33%
2015-10-12,52303600000,0.21%
2015-10-09,52192700000,-1.44%
2015-10-08,52953000000,1.15%
2015-10-07,52351100000,2.58%
2015-10-06,51036400000,1.45%
2015-10-05,50307800000,0.09%
2015-10-02,50260200000,3.46%
2015-10-01,48581200000,2.17%
2015-09-30,47551600000,2.98%
2015-09-29,46173500000,2.07%
2015-09-28,45239000000,-2.89%
2015-09-25,46585400000,-0.10%
2015-09-24,46632900000,-0.94%
2015-09-23,47076400000,-1.03%
2015-09-22,47567400000,-1.93%
2015-09-21,48502000000,0.36%
2015-09-18,48327800000,-2.56%
2015-09-17,49595000000,0.35%
2015-09-16,49420700000,0.68%
2015-09-15,49088100000,0.88%
2015-09-14,48660400000,1.89%
2015-09-11,47757500000,0.50%
2015-09-10,47519900000,1.28%
2015-09-09,46918000000,-0.87%
2015-09-08,47329800000,3.46%
2015-09-04,45745800000,-0.79%
2015-09-03,46110200000,-0.34%
2015-09-02,46268600000,1.99%
2015-09-01,45365700000,-2.72%
2015-08-31,46632900000,1.52%
2015-08-28,45935900000,1.47%
2015-08-27,45270600000,1.71%
2015-08-26,44510300000,3.01%
2015-08-25,43211500000,-1.87%
2015-08-24,44035100000,-6.08%
2015-08-21,46886300000,-4.02%
2015-08-20,48850500000,-2.50%
2015-08-19,50101800000,-0.25%
2015-08-18,50228600000,0.32%
2015-08-17,50070200000,0.38%
2015-08-14,49880100000,1.38%
2015-08-13,49199000000,0.62%
2015-08-12,48898000000,0.13%
2015-08-11,48834600000,-3.48%
2015-08-10,50592900000,0.63%
2015-08-07,50276100000,-0.38%
2015-08-06,50466200000,0.82%
2015-08-05,50054300000,0.25%
2015-08-04,49927600000,-0.50%
2015-08-03,50181000000,0.54%
2015-07-31,49911800000,-1.25%
2015-07-30,50545400000,-0.13%
2015-07-29,50608700000,2.01%
2015-07-28,49610800000,0.87%
2015-07-27,49183100000,-0.03%
2015-07-24,49199000000,-1.40%
2015-07-23,49895900000,2.46%
2015-07-22,48698400000,-0.30%
2015-07-21,48843000000,-0.36%
2015-07-20,49019800000,-0.49%
2015-07-17,49260900000,0.13%
2015-07-16,49196600000,-2.61%
2015-07-15,50514500000,-1.07%
2015-07-14,51061000000,0.28%
2015-07-13,50916300000,0.89%
2015-07-10,50466300000,1.26%
2015-07-09,49839500000,-0.58%
2015-07-08,50128800000,-5.08%
2015-07-07,52812800000,0.64%
2015-07-06,52475300000,-1.75%
2015-07-02,53407500000,0.58%
2015-07-01,53102100000,-0.87%
2015-06-30,53568200000,0.30%
2015-06-29,53407500000,-3.34%
2015-06-26,55255800000,-0.92%
2015-06-25,55770100000,-1.31%
2015-06-24,56509400000,-3.14%
2015-06-23,58341600000,0.30%
2015-06-22,58164800000,0.22%
2015-06-19,58036300000,-0.25%
2015-06-18,58180900000,1.09%
2015-06-17,57554100000,0.56%
2015-06-16,57232700000,0.42%
2015-06-15,56991600000,-0.70%
2015-06-12,57393400000,0.45%
2015-06-11,57136200000,-0.11%
2015-06-10,57200500000,0.94%
2015-06-09,56670100000,0.77%
2015-06-08,56236200000,-0.37%
2015-06-05,56445100000,-1.18%
2015-06-04,57120200000,-1.11%
2015-06-03,57763000000,-0.77%
2015-06-02,58213100000,0.11%
2015-06-01,58148800000,0.58%
2015-05-29,57811300000,-1.15%
2015-05-28,58486300000,1.62%
2015-05-27,57554100000,0.82%
2015-05-26,57088000000,-0.50%
2015-05-22,57377300000,0.34%
2015-05-21,57184400000,1.60%
2015-05-20,56284400000,-0.28%
2015-05-19,56445100000,0.20%
2015-05-18,56332600000,0.40%
2015-05-15,56107600000,0.75%
2015-05-14,55689700000,-0.43%
2015-05-13,55930800000,0.17%
2015-05-12,55834400000,-1.36%
2015-05-11,56605900000,-0.28%
2015-05-08,56766600000,1.26%
2015-05-07,56059400000,0.32%
2015-05-06,55882600000,-0.69%
2015-05-05,56268300000,-1.10%
2015-05-04,56895200000,-0.06%
2015-05-01,56927300000,1.03%
2015-04-30,56348700000,-1.27%
2015-04-29,57071900000,-0.59%
2015-04-28,57409500000,-0.17%
2015-04-27,57505900000,0.53%
2015-04-24,57200500000,-0.92%
2015-04-23,57730900000,-3.53%
2015-04-22,59841200000,
2015-04-21,59841200000,0.13%
2015-04-20,59760700000,1.28%
2015-04-17,59003800000,-1.19%
2015-04-16,59712400000,0.38%
2015-04-15,59486900000,1.26%
2015-04-14,58746200000,0.22%
2015-04-13,58617300000,-0.46%
2015-04-10,58891100000,0.77%
2015-04-09,58440200000,0.50%
2015-04-08,58150300000,1.06%
2015-04-07,57538400000,-2.54%
2015-04-06,59036000000,0.44%
2015-04-02,58778400000,-0.65%
2015-04-01,59164800000,-2.03%
2015-03-31,60388700000,-0.48%
2015-03-30,60678600000,0.99%
2015-03-27,60082800000,-0.11%
2015-03-26,60147200000,-0.08%
2015-03-25,60195500000,-1.24%
2015-03-24,60952400000,-1.92%
2015-03-23,62144000000,-0.72%
2015-03-20,62594900000,0.57%
2015-03-19,62240600000,0.39%
2015-03-18,61999100000,0.55%
2015-03-17,61660900000,-0.75%
2015-03-16,62127900000,1.39%
2015-03-13,61274400000,-0.99%
2015-03-12,61886400000,1.72%
2015-03-11,60839600000,0.61%
2015-03-10,60469200000,-0.29%
2015-03-09,60646400000,2.23%
2015-03-06,59325900000,-2.05%
2015-03-05,60565900000,0.11%
2015-03-04,60501400000,-0.61%
2015-03-03,60871800000,0.51%
2015-03-02,60565900000,0.80%
2015-02-27,60082800000,-0.67%
2015-02-26,60485300000,-0.79%
2015-02-25,60968500000,0.29%
2015-02-24,60791300000,0.16%
2015-02-23,60694700000,0.11%
2015-02-20,60630300000,0.37%
2015-02-19,60404800000,0.86%
2015-02-18,59889500000,-0.13%
2015-02-17,59970000000,-1.01%
2015-02-13,60582000000,-1.05%
2015-02-12,61226100000,0.93%
2015-02-11,60662500000,0.40%
2015-02-10,60420900000,4.22%
2015-02-09,57973200000,
2015-02-06,57973200000,-0.69%
2015-02-05,58375800000,1.17%
2015-02-04,57699400000,5.69%
2015-02-03,54595500000,2.63%
2015-02-02,53197700000,1.50%
2015-01-30,52410400000,-1.63%
2015-01-29,53278000000,0.97%
2015-01-28,52763900000,-1.74%
2015-01-27,53695800000,-0.83%
2015-01-26,54145700000,-0.15%
2015-01-23,54226000000,-0.21%
2015-01-22,54338500000,-0.21%
2015-01-21,54450900000,-0.12%
2015-01-20,54515200000,0.74%
2015-01-16,54113500000,0.75%
2015-01-15,53711900000,-2.54%
2015-01-14,55109700000,-2.69%
2015-01-13,56636000000,-1.65%
2015-01-12,57584000000,0.70%
2015-01-09,57182300000,-1.69%
2015-01-08,58162400000,1.00%
2015-01-07,57584000000,2.84%
2015-01-06,55993400000,1.51%
2015-01-05,55157900000,-1.46%
2015-01-02,55977300000,-0.20%
2014-12-31,56089800000,-0.51%
2014-12-30,56379000000,1.42%
2014-12-29,55591700000,2.58%
2014-12-26,54193900000,0.90%
2014-12-24,53711900000,-0.39%
2014-12-23,53920700000,0.99%
2014-12-22,53390500000,1.28%
2014-12-19,52715700000,3.34%
2014-12-18,51012600000,1.93%
2014-12-17,50048600000,1.37%
2014-12-16,49373800000,-0.87%
2014-12-15,49807600000,-1.81%
2014-12-12,50723400000,-1.93%
2014-12-11,51719600000,0.69%
2014-12-10,51366100000,-2.56%
2014-12-09,52715700000,0.40%
2014-12-08,52506800000,-3.68%
2014-12-05,54515200000,2.54%
2014-12-04,53165600000,-1.63%
2014-12-03,54049300000,1.14%
2014-12-02,53438700000,0.97%
2014-12-01,52924600000,-1.47%
2014-11-28,53711900000,4.24%
2014-11-26,51526700000,-0.50%
2014-11-25,51783800000,0.12%
2014-11-24,51719600000,0.19%
2014-11-21,51623200000,
2014-11-20,51623200000,-0.06%
2014-11-19,51655300000,-0.37%
2014-11-18,51848100000,-0.12%
2014-11-17,51912400000,1.64%
2014-11-14,51076900000,0.44%
2014-11-13,50851900000,0.73%
2014-11-12,50482400000,0.22%
2014-11-11,50369900000,0.74%
2014-11-10,50000400000,-1.49%
2014-11-07,50755500000,0.70%
2014-11-06,50402100000,2.08%
2014-11-05,49373800000,-0.29%
2014-11-04,49518400000,-1.15%
2014-11-03,50096800000,-0.70%
2014-10-31,50450300000,2.01%
2014-10-30,49454100000,0.20%
2014-10-29,49357700000,-1.44%
2014-10-28,50080700000,3.62%
2014-10-27,48329400000,0.13%
2014-10-24,48265200000,-2.88%
2014-10-23,49695100000,-1.09%
2014-10-22,50242600000,1.52%
2014-10-21,49488400000,1.65%
2014-10-20,48686000000,0.33%
2014-10-17,48525600000,1.00%
2014-10-16,48044200000,0.84%
2014-10-15,47643000000,-1.39%
2014-10-14,48317000000,1.07%
2014-10-13,47803500000,-1.65%
2014-10-10,48605800000,-2.38%
2014-10-09,49793300000,-3.57%
2014-10-08,51638700000,1.29%
2014-10-07,50980700000,-5.87%
2014-10-06,54158000000,-0.03%
2014-10-03,54174100000,1.75%
2014-10-02,53243300000,2.12%
2014-10-01,52136100000,1.72%
2014-09-30,51253500000,-0.87%
2014-09-29,51702800000,-2.86%
2014-09-26,53227300000,0.91%
2014-09-25,52745900000,-2.32%
2014-09-24,53997500000,1.29%
2014-09-23,53307500000,-0.66%
2014-09-22,53660600000,-1.47%
2014-09-19,54462900000,-0.26%
2014-09-18,54607300000,0.53%
2014-09-17,54318500000,0.42%
2014-09-16,54093800000,0.24%
2014-09-15,53965500000,1.08%
2014-09-12,53387800000,-1.01%
2014-09-11,53933400000,0.96%
2014-09-10,53419900000,0.67%
2014-09-09,53066800000,-0.51%
2014-09-08,53339600000,-3.88%
2014-09-05,55489900000,-0.14%
2014-09-04,55570100000,0.46%
2014-09-03,55313400000,-0.95%
2014-09-02,55842900000,
2014-08-29,55842900000,0.35%
2014-08-28,55650400000,-0.09%
2014-08-27,55698500000,-0.40%
2014-08-26,55923200000,0.52%
2014-08-25,55634300000,1.26%
2014-08-22,54944300000,-1.04%
2014-08-21,55522000000,0.20%
2014-08-20,55409700000,-0.12%
2014-08-19,55473900000,0.49%
2014-08-18,55201100000,1.65%
2014-08-15,54302400000,-0.32%
2014-08-14,54478900000,
2014-08-13,54478900000,0.74%
2014-08-12,54077800000,-0.30%
2014-08-11,54238200000,0.81%
2014-08-08,53805000000,1.27%
2014-08-07,53131000000,-0.87%
2014-08-06,53596400000,0.12%
2014-08-05,53532200000,-0.74%
2014-08-04,53933400000,0.51%
2014-08-01,53660600000,-1.12%
2014-07-31,54270300000,-1.43%
2014-07-30,55056600000,-0.41%
2014-07-29,55281300000,-1.29%
2014-07-28,56003400000,-0.48%
2014-07-25,56276200000,-1.87%
2014-07-24,57351300000,-4.41%
2014-07-23,59995100000,-0.93%
2014-07-22,60556400000,0.88%
2014-07-21,60027200000,0.05%
2014-07-18,59995100000,0.84%
2014-07-17,59498000000,-1.01%
2014-07-16,60107400000,-0.27%
2014-07-15,60267700000,-0.32%
2014-07-14,60460200000,-0.66%
2014-07-11,60861100000,0.53%
2014-07-10,60540400000,-0.58%
2014-07-09,60893200000,1.04%
2014-07-08,60267700000,0.37%
2014-07-07,60043200000,-0.79%
2014-07-03,60524300000,
2014-07-02,60524300000,0.40%
2014-07-01,60283800000,3.55%
2014-06-30,58215000000,-0.87%
2014-06-27,58728200000,-0.76%
2014-06-26,59177200000,-0.51%
2014-06-25,59481900000,1.39%
2014-06-24,58664000000,-0.25%
2014-06-23,58808400000,1.24%
2014-06-20,58086700000,-0.41%
2014-06-19,58327200000,0.19%
2014-06-18,58215000000,-0.16%
2014-06-17,58311200000,0.83%
2014-06-16,57830100000,1.21%
2014-06-13,57140500000,0.31%
2014-06-12,56964100000,-1.66%
2014-06-11,57926300000,-0.77%
2014-06-10,58375300000,-0.27%
2014-06-09,58535700000,-0.14%
2014-06-06,58615900000,0.77%
2014-06-05,58166900000,-0.68%
2014-06-04,58567800000,3.57%
2014-06-03,56547100000,1.15%
2014-06-02,55905600000,0.81%
2014-05-30,55456600000,0.38%
2014-05-29,55248100000,-0.40%
2014-05-28,55472600000,1.92%
2014-05-27,54430200000,0.92%
2014-05-23,53933000000,0.63%
2014-05-22,53596300000,-0.12%
2014-05-21,53660400000,1.18%
2014-05-20,53035000000,-3.45%
2014-05-19,54927400000,0.74%
2014-05-16,54526400000,-1.05%
2014-05-15,55103800000,-1.66%
2014-05-14,56033900000,-0.60%
2014-05-13,56370700000,0.95%
2014-05-12,55841500000,1.72%
2014-05-09,54895300000,-1.78%
2014-05-08,55889600000,-0.63%
2014-05-07,56242400000,0.92%
2014-05-06,55729200000,
2014-05-05,55729200000,-0.63%
2014-05-02,56082000000,0.20%
2014-05-01,55969800000,1.22%
2014-04-30,55296200000,1.44%
2014-04-29,54510400000,0.68%
2014-04-28,54141500000,0.12%
2014-04-25,54077400000,-1.32%
2014-04-24,54799100000,0.23%
2014-04-23,54672800000,0.47%
2014-04-22,54418500000,0.74%
2014-04-21,54021000000,
2014-04-17,54021000000,0.03%
2014-04-16,54005100000,1.83%
2014-04-15,53035300000,2.49%
2014-04-14,51747600000,1.94%
2014-04-11,50761900000,-4.11%
2014-04-10,52939900000,-0.95%
2014-04-09,53448700000,-2.64%
2014-04-08,54895400000,1.23%
2014-04-07,54227700000,-2.01%
2014-04-04,55340500000,-1.78%
2014-04-03,56342100000,1.61%
2014-04-02,55451800000,1.57%
2014-04-01,54593300000,-0.23%
2014-03-31,54720500000,-0.89%
2014-03-28,55213300000,0.64%
2014-03-27,54863600000,0.85%
2014-03-26,54402600000,-0.84%
2014-03-25,54863600000,-1.79%
2014-03-24,55865200000,0.37%
2014-03-21,55658500000,-0.71%
2014-03-20,56055900000,1.00%
2014-03-19,55499500000,-0.74%
2014-03-18,55912900000,1.56%
2014-03-17,55054400000,1.58%
2014-03-14,54195900000,
2014-03-13,54195900000,-2.21%
2014-03-12,55420000000,-0.91%
2014-03-11,55928800000,-5.15%
2014-03-10,58965200000,-1.59%
2014-03-07,59919100000,0.40%
2014-03-06,59680700000,0.05%
2014-03-05,59648900000,1.60%
2014-03-04,58710900000,1.99%
2014-03-03,57566200000,0.03%
2014-02-28,57550300000,-1.55%
2014-02-27,58456500000,-0.16%
2014-02-26,58551900000,2.02%
2014-02-25,57391400000,-1.23%
2014-02-24,58106800000,-0.38%
2014-02-21,58329300000,0.49%
2014-02-20,58043200000,1.33%
2014-02-19,57280100000,-0.77%
2014-02-18,57725200000,1.00%
2014-02-14,57152900000,2.13%
2014-02-13,55960500000,-1.01%
2014-02-12,56532900000,0.88%
2014-02-11,56040000000,1.00%
2014-02-10,55483600000,-3.35%
2014-02-07,57407300000,2.50%
2014-02-06,56008200000,14.43%
2014-02-05,48947400000,-1.62%
2014-02-04,49753000000,1.62%
2014-02-03,48961300000,-2.30%
2014-01-31,50114200000,-2.06%
2014-01-30,51169800000,1.35%
2014-01-29,50489200000,-1.25%
2014-01-28,51128100000,0.14%
2014-01-27,51058700000,-0.19%
2014-01-24,51155900000,-4.14%
2014-01-23,53364400000,-0.98%
2014-01-22,53892200000,1.20%
2014-01-21,53253300000,-0.67%
2014-01-17,53614400000,-1.03%
2014-01-16,54170000000,-0.96%
2014-01-15,54697800000,-1.60%
2014-01-14,55586700000,1.11%
2014-01-13,54975600000,-1.12%
2014-01-10,55600600000,-1.14%
2014-01-09,56239500000,0.17%
2014-01-08,56142300000,0.55%
2014-01-07,55836700000,-0.50%
2014-01-06,56114500000,2.10%
2014-01-03,54961700000,-3.37%
2014-01-02,56878500000,0.20%
2013-12-31,56767400000,0.44%
2013-12-30,56517300000,-0.61%
2013-12-27,56864600000,-1.40%
2013-12-26,57670200000,1.57%
2013-12-24,56781200000,-0.99%
2013-12-23,57350700000,0.73%
2013-12-20,56934000000,1.71%
2013-12-19,55975600000,-2.35%
2013-12-18,57322900000,-0.63%
2013-12-17,57684100000,0.22%
2013-12-16,57559100000,3.50%
2013-12-13,55614500000,-0.02%
2013-12-12,55628400000,-0.27%
2013-12-11,55781200000,-0.59%
2013-12-10,56114500000,-1.22%
2013-12-09,56809000000,1.82%
2013-12-06,55795100000,2.76%
2013-12-05,54295000000,0.98%
2013-12-04,53767200000,1.49%
2013-12-03,52975500000,-2.48%
2013-12-02,54322800000,0.98%
2013-11-29,53795000000,-0.31%
2013-11-27,53961600000,3.13%
2013-11-26,52322600000,0.32%
2013-11-25,52156000000,-0.21%
2013-11-22,52267100000,-1.29%
2013-11-21,52947700000,1.14%
2013-11-20,52350400000,-0.84%
2013-11-19,52794900000,-1.45%
2013-11-18,53572700000,-0.52%
2013-11-15,53850500000,0.70%
2013-11-14,53475500000,0.16%
2013-11-13,53392100000,4.86%
2013-11-12,50919800000,-0.05%
2013-11-11,50947600000,0.05%
2013-11-08,50919800000,2.06%
2013-11-07,49891900000,-1.83%
2013-11-06,50822500000,-1.35%
2013-11-05,51517000000,-1.01%
2013-11-04,52044800000,0.21%
2013-11-01,51933700000,1.19%
2013-10-31,51322600000,-0.75%
2013-10-30,51711500000,3.61%
2013-10-29,49912000000,0.73%
2013-10-28,49552100000,0.59%
2013-10-25,49261500000,-0.11%
2013-10-24,49316800000,1.65%
2013-10-23,48514000000,-1.02%
2013-10-22,49012300000,-0.25%
2013-10-21,49136900000,-1.09%
2013-10-18,49676700000,0.64%
2013-10-17,49358400000,1.51%
2013-10-16,48624800000,1.24%
2013-10-15,48029600000,-1.78%
2013-10-14,48901600000,-0.06%
2013-10-11,48929300000,1.43%
2013-10-10,48237200000,2.02%
2013-10-09,47282100000,-0.15%
2013-10-08,47351400000,-2.76%
2013-10-07,48694000000,-1.46%
2013-10-04,49413700000,1.16%
2013-10-03,48846200000,-1.81%
2013-10-02,49745900000,0.08%
2013-10-01,49704400000,-0.17%
2013-09-30,49787400000,-1.10%
2013-09-27,50341100000,-1.57%
2013-09-26,51143900000,-0.62%
2013-09-25,51462200000,-0.69%
2013-09-24,51822100000,0.83%
2013-09-23,51393000000,0.81%
2013-09-20,50977800000,-1.07%
2013-09-19,51531500000,-0.93%
2013-09-18,52015900000,2.37%
2013-09-17,50811700000,1.35%
2013-09-16,50133500000,0.44%
2013-09-13,49912000000,-0.85%
2013-09-12,50341100000,0.06%
2013-09-11,50313400000,-1.76%
2013-09-10,51213100000,1.43%
2013-09-09,50493300000,0.91%
2013-09-06,50036600000,-0.50%
2013-09-05,50285700000,1.34%
2013-09-04,49621300000,5.01%
2013-09-03,47254500000,0.18%
2013-08-30,47171400000,-1.07%
2013-08-29,47683500000,1.56%
2013-08-28,46950000000,0.68%
2013-08-27,46631600000,-3.52%
2013-08-26,48334100000,-0.40%
2013-08-23,48527900000,0.20%
2013-08-22,48431000000,1.33%
2013-08-21,47794300000,-0.75%
2013-08-20,48154200000,0.87%
2013-08-19,47738900000,0.32%
2013-08-16,47586700000,-0.49%
2013-08-15,47822000000,-2.87%
2013-08-14,49233800000,-0.75%
2013-08-13,49607500000,-0.39%
2013-08-12,49801300000,-0.11%
2013-08-09,49856600000,0.03%
2013-08-08,49842800000,1.49%
2013-08-07,49109200000,-1.33%
2013-08-06,49773600000,-2.15%
2013-08-05,50867100000,-0.54%
2013-08-02,51143900000,1.32%
2013-08-01,50479500000,1.67%
2013-07-31,49649000000,-1.73%
2013-07-30,50521000000,0.33%
2013-07-29,50354900000,-0.79%
2013-07-26,50756300000,-1.11%
2013-07-25,51323800000,0.53%
2013-07-24,51054100000,1.45%
2013-07-23,50325500000,-0.41%
2013-07-22,50531700000,0.41%
2013-07-19,50325500000,-0.62%
2013-07-18,50641700000,1.32%
2013-07-17,49981900000,0.50%
2013-07-16,49734400000,-0.88%
2013-07-15,50174300000,0.27%
2013-07-12,50036900000,0.72%
2013-07-11,49679500000,2.29%
2013-07-10,48566000000,1.17%
2013-07-09,48002400000,0.81%
2013-07-08,47617500000,-0.09%
2013-07-05,47658700000,1.55%
2013-07-03,46930200000,0.12%
2013-07-02,46875200000,0.29%
2013-07-01,46737700000,2.07%
2013-06-28,45789200000,0.63%
2013-06-27,45500600000,1.69%
2013-06-26,44744500000,2.29%
2013-06-25,43741000000,1.27%
2013-06-24,43191200000,-2.45%
2013-06-21,44277100000,-1.07%
2013-06-20,44758200000,-3.27%
2013-06-19,46270400000,-1.03%
2013-06-18,46751500000,0.83%
2013-06-17,46366600000,-1.63%
2013-06-14,47136400000,-0.61%
2013-06-13,47425000000,3.14%
2013-06-12,45981700000,-1.41%
2013-06-11,46641500000,-2.33%
2013-06-10,47755000000,-0.83%
2013-06-07,48153600000,1.71%
2013-06-06,47342600000,1.23%
2013-06-05,46765200000,-2.69%
2013-06-04,48057400000,1.57%
2013-06-03,47315100000,1.56%
2013-05-31,46586500000,-2.17%
2013-05-30,47617500000,1.73%
2013-05-29,46806500000,0.27%
2013-05-28,46682700000,3.32%
2013-05-24,45184400000,0.06%
2013-05-23,45156900000,-1.14%
2013-05-22,45679300000,-0.51%
2013-05-21,45912900000,-0.89%
2013-05-20,46325300000,0.84%
2013-05-17,45940400000,3.18%
2013-05-16,44524600000,0.25%
2013-05-15,44414600000,2.41%
2013-05-14,43369900000,1.77%
2013-05-13,42613800000,-1.34%
2013-05-10,43191200000,-0.73%
2013-05-09,43507300000,-1.34%
2013-05-08,44098400000,1.36%
2013-05-07,43507300000,-0.53%
2013-05-06,43741000000,-0.87%
2013-05-03,44125900000,3.02%
2013-05-02,42833800000,3.87%
2013-05-01,41239300000,-2.14%
2013-04-30,42141100000,0.16%
2013-04-29,42072800000,0.95%
2013-04-26,41676500000,-0.68%
2013-04-25,41963500000,0.85%
2013-04-24,41608200000,2.01%
2013-04-23,40788300000,2.05%
2013-04-22,39968500000,0.34%
2013-04-19,39831800000,0.59%
2013-04-18,39599500000,-0.99%
2013-04-17,39995800000,-0.68%
2013-04-16,40269100000,1.94%
2013-04-15,39503900000,-2.40%
2013-04-12,40474100000,-0.34%
2013-04-11,40610700000,4.76%
2013-04-10,38766000000,3.05%
2013-04-09,37618200000,-0.22%
2013-04-08,37700200000,0.25%
2013-04-05,37604500000,-0.79%
2013-04-04,37905100000,-0.22%
2013-04-03,37987100000,-0.47%
2013-04-02,38164800000,0.47%
2013-04-01,37987100000,-0.07%
2013-03-28,38014500000,-0.86%
2013-03-27,38342400000,-0.32%
2013-03-26,38465400000,-0.04%
2013-03-25,38479000000,-0.21%
2013-03-22,38561000000,-1.43%
2013-03-21,39121300000,-1.95%
2013-03-20,39900100000,3.91%
2013-03-19,38397100000,0.21%
2013-03-18,38315100000,-0.60%
2013-03-15,38547400000,0.18%
2013-03-14,38479000000,0.32%
2013-03-13,38356100000,-1.06%
2013-03-12,38766000000,0.21%
2013-03-11,38684000000,1.11%
2013-03-08,38260400000,0.43%
2013-03-07,38096400000,-0.11%
2013-03-06,38137400000,1.20%
2013-03-05,37686500000,1.81%
2013-03-04,37016900000,-0.44%
2013-03-01,37180900000,0.22%
2013-02-28,37098900000,-0.91%
2013-02-27,37440500000,2.12%
2013-02-26,36661700000,1.90%
2013-02-25,35978500000,-2.88%
2013-02-22,37044300000,2.26%
2013-02-21,36224400000,-2.18%
2013-02-20,37030600000,-2.10%
2013-02-19,37823200000,-0.29%
2013-02-15,37932500000,-12.71%
2013-02-14,43457100000,-3.21%
2013-02-13,44897800000,0.42%
2013-02-12,44709900000,0.07%
2013-02-11,44678500000,-0.14%
2013-02-08,44741200000,0.35%
2013-02-07,44584600000,-0.18%
2013-02-06,44662900000,-0.24%
2013-02-05,44772500000,2.25%
2013-02-04,43785900000,-0.75%
2013-02-01,44114800000,0.28%
2013-01-31,43989500000,0.54%
2013-01-30,43754600000,-1.79%
2013-01-29,44553300000,-1.32%
2013-01-28,45148400000,-0.83%
2013-01-25,45524200000,1.01%
2013-01-24,45070100000,0.74%
2013-01-23,44741200000,-0.21%
2013-01-22,44835100000,-2.22%
2013-01-18,45853100000,-0.71%
2013-01-17,46181900000,0.61%
2013-01-16,45900000000,-4.22%
2013-01-15,47920200000,0.89%
2013-01-14,47497400000,-0.10%
2013-01-11,47544400000,-0.26%
2013-01-10,47669600000,1.57%
2013-01-09,46933600000,2.04%
2013-01-08,45994000000,-0.98%
2013-01-07,46448200000,-0.67%
2013-01-04,46761400000,0.13%
2013-01-03,46698700000,2.37%
2013-01-02,45618200000,1.04%
2012-12-31,45148400000,3.52%
2012-12-28,43613700000,-0.39%
2012-12-27,43785900000,1.23%
2012-12-26,43253500000,-0.14%
2012-12-24,43316100000,1.24%
2012-12-21,42783700000,-0.07%
2012-12-20,42815000000,0.59%
2012-12-19,42564400000,6.63%
2012-12-18,39917800000,2.58%
2012-12-17,38915600000,0.98%
2012-12-14,38539700000,-2.03%
2012-12-13,39338400000,-1.99%
2012-12-12,40137100000,0.71%
2012-12-11,39855200000,0.67%
2012-12-10,39589000000,0.36%
2012-12-07,39448000000,2.52%
2012-12-06,38477100000,-1.72%
2012-12-05,39150500000,-1.61%
2012-12-04,39792600000,-0.39%
2012-12-03,39949200000,-1.43%
2012-11-30,40528600000,-0.80%
2012-11-29,40857500000,3.20%
2012-11-28,39589000000,1.08%
2012-11-27,39166200000,-0.87%
2012-11-26,39510700000,0.08%
2012-11-23,39479400000,2.48%
2012-11-21,38524100000,
2012-11-20,38524100000,-1.32%
2012-11-19,39040900000,4.53%
2012-11-16,37349600000,-0.13%
2012-11-15,37396600000,-1.20%
2012-11-14,37850700000,-2.62%
2012-11-13,38868600000,-1.74%
2012-11-12,39557700000,0.88%
2012-11-09,39213100000,1.29%
2012-11-08,38712000000,-1.24%
2012-11-07,39197500000,-4.43%
2012-11-06,41014100000,2.42%
2012-11-05,40043100000,-0.85%
2012-11-02,40387700000,0.43%
2012-11-01,40215400000,0.71%
2012-10-31,39933500000,9.54%
2012-10-26,36455400000,-1.48%
2012-10-25,37003500000,-0.25%
2012-10-24,37097500000,-0.75%
2012-10-23,37379300000,-3.05%
2012-10-22,38553800000,0.12%
2012-10-19,38506800000,-3.80%
2012-10-18,40025800000,2.00%
2012-10-17,39242800000,1.09%
2012-10-16,38820000000,1.27%
2012-10-15,38334600000,0.16%
2012-10-12,38271900000,-0.89%
2012-10-11,38616400000,1.77%
2012-10-10,37943100000,-0.57%
2012-10-09,38162300000,-0.81%
2012-10-08,38475500000,-0.93%
2012-10-05,38835700000,0.61%
2012-10-04,38600800000,1.07%
2012-10-03,38193600000,3.00%
2012-10-02,37081800000,2.56%
2012-10-01,36157900000,1.49%
2012-09-28,35625500000,-1.85%
2012-09-27,36298800000,-0.90%
2012-09-26,36627700000,-0.55%
2012-09-25,36831200000,-3.45%
2012-09-24,38146700000,-1.77%
2012-09-21,38835700000,1.56%
2012-09-20,38240600000,-1.33%
2012-09-19,38757400000,1.31%
2012-09-18,38256300000,2.65%
2012-09-17,37269700000,-1.41%
2012-09-14,37802100000,2.59%
2012-09-13,36846900000,1.73%
2012-09-12,36220500000,0.70%
2012-09-11,35970000000,-0.04%
2012-09-10,35985600000,-1.67%
2012-09-07,36596400000,4.10%
2012-09-06,35155700000,3.17%
2012-09-05,34075200000,2.11%
2012-09-04,33370500000,-0.19%
2012-08-31,33433100000,1.14%
2012-08-30,33057300000,-0.89%
2012-08-29,33354800000,1.72%
2012-08-28,32791100000,-1.32%
2012-08-27,33229600000,0.19%
2012-08-24,33166900000,-0.75%
2012-08-23,33417500000,-1.79%
2012-08-22,34028200000,0.46%
2012-08-21,33871600000,-1.10%
2012-08-20,34247400000,-0.64%
2012-08-17,34466700000,3.19%
2012-08-16,33401800000,5.91%
2012-08-15,31538300000,-0.35%
2012-08-14,31647900000,-1.27%
2012-08-13,32055100000,-0.34%
2012-08-10,32164700000,-0.53%
2012-08-09,32337000000,1.32%
2012-08-08,31914200000,-0.20%
2012-08-07,31976800000,2.87%
2012-08-06,31084200000,-0.95%
2012-08-03,31381700000,4.71%
2012-08-02,29970500000,-2.64%
2012-08-01,30784700000,-0.25%
2012-07-31,30863000000,1.81%
2012-07-30,30315000000,-1.58%
2012-07-27,30800400000,2.93%
2012-07-26,29923500000,1.65%
2012-07-25,29438100000,-1.16%
2012-07-24,29782600000,-1.45%
2012-07-23,30221000000,-0.31%
2012-07-20,30315000000,-3.87%
2012-07-19,31536300000,0.35%
2012-07-18,31426700000,2.40%
2012-07-17,30690800000,1.14%
2012-07-16,30346300000,-1.22%
2012-07-13,30722100000,1.50%
2012-07-12,30268000000,-2.86%
2012-07-11,31160500000,0.51%
2012-07-10,31003900000,-2.08%
2012-07-09,31661600000,-0.44%
2012-07-06,31802500000,-1.12%
2012-07-05,32162700000,-0.63%
2012-07-03,32366200000,5.62%
2012-07-02,30643800000,-0.76%
2012-06-29,30878700000,-0.50%
2012-06-28,31035200000,0.81%
2012-06-27,30784700000,-0.96%
2012-06-26,31082200000,-0.30%
2012-06-25,31176200000,-3.35%
2012-06-22,32256600000,-0.19%
2012-06-21,32319200000,-3.91%
2012-06-20,33634600000,-1.20%
2012-06-19,34041700000,1.45%
2012-06-18,33556300000,-1.43%
2012-06-15,34041700000,-0.28%
2012-06-14,34135600000,-0.32%
2012-06-13,34245300000,-1.35%
2012-06-12,34715000000,1.14%
2012-06-11,34323500000,-0.59%
2012-06-08,34527100000,0.92%
2012-06-07,34213900000,0.09%
2012-06-06,34182600000,2.73%
2012-06-05,33274400000,0.66%
2012-06-04,33055200000,-4.09%
2012-06-01,34464500000,-0.86%
2012-05-31,34762000000,-0.76%
2012-05-30,35028200000,-2.10%
2012-05-29,35779800000,1.83%
2012-05-25,35137800000,1.82%
2012-05-24,34511400000,-0.41%
2012-05-23,34652400000,2.93%
2012-05-22,33665900000,-0.19%
2012-05-21,33728500000,1.70%
2012-05-18,33164800000,-1.99%
2012-05-17,33838100000,-1.37%
2012-05-16,34307900000,2.29%
2012-05-15,33540600000,-0.97%
2012-05-14,33869400000,-1.68%
2012-05-11,34448800000,-1.65%
2012-05-10,35028200000,-0.31%
2012-05-09,35137800000,0.94%
2012-05-08,34809000000,-0.80%
2012-05-07,35090800000,0.22%
2012-05-04,35012500000,-0.04%
2012-05-03,35028200000,-2.44%
2012-05-02,35902900000,-1.63%
2012-05-01,36497900000,1.35%
2012-04-30,36012500000,-2.25%
2012-04-27,36842400000,-0.80%
2012-04-26,37139900000,1.76%
2012-04-25,36497900000,1.83%
2012-04-24,35840300000,-0.26%
2012-04-23,35934200000,-2.75%
2012-04-20,36952000000,-1.71%
2012-04-19,37593900000,-0.58%
2012-04-18,37813200000,0.46%
2012-04-17,37640900000,2.65%
2012-04-16,36670100000,-1.60%
2012-04-13,37265100000,-2.06%
2012-04-12,38048000000,1.12%
2012-04-11,37625300000,1.35%
2012-04-10,37124200000,-2.02%
2012-04-09,37891400000,-2.46%
2012-04-05,38846600000,-1.16%
2012-04-04,39300600000,-1.72%
2012-04-03,39989600000,-4.56%
2012-04-02,41899800000,4.33%
2012-03-30,40161800000,1.34%
2012-03-29,39629400000,0.64%
2012-03-28,39378900000,-0.79%
2012-03-27,39692100000,-0.90%
2012-03-26,40052200000,1.63%
2012-03-23,39410200000,0.48%
2012-03-22,39222300000,-0.95%
2012-03-21,39598100000,0.80%
2012-03-20,39285000000,-1.18%
2012-03-19,39754700000,-0.70%
2012-03-16,40036500000,-1.84%
2012-03-15,40788100000,-1.03%
2012-03-14,41210900000,0.96%
2012-03-13,40819400000,2.68%
2012-03-12,39754700000,-0.90%
2012-03-09,40114800000,0.67%
2012-03-08,39848600000,2.29%
2012-03-07,38956200000,1.22%
2012-03-06,38486400000,-5.46%
2012-03-05,40709800000,-1.70%
2012-03-02,41414400000,-0.08%
2012-03-01,41445700000,1.73%
2012-02-29,40741100000,-0.46%
2012-02-28,40929000000,-1.21%
2012-02-27,41430100000,1.57%
2012-02-24,40788100000,-2.69%
2012-02-23,41914600000,0.90%
2012-02-22,41539100000,-1.88%
2012-02-21,42337000000,-1.02%
2012-02-17,42775100000,0.63%
2012-02-16,42509100000,8.99%
2012-02-15,39004500000,-1.85%
2012-02-14,39739900000,0.24%
2012-02-13,39646000000,-0.63%
2012-02-10,39896300000,-0.93%
2012-02-09,40271800000,-0.04%
2012-02-08,40287500000,-1.79%
2012-02-07,41022800000,-1.80%
2012-02-06,41773800000,1.99%
2012-02-03,40960200000,7.69%
2012-02-02,38034500000,-0.25%
2012-02-01,38128400000,1.46%
2012-01-31,37580800000,-0.87%
2012-01-30,37909300000,-0.57%
2012-01-27,38128400000,-1.42%
2012-01-26,38676000000,-0.80%
2012-01-25,38988900000,0.52%
2012-01-24,38785500000,-0.52%
2012-01-23,38988900000,-0.32%
2012-01-20,39114000000,0.73%
2012-01-19,38832400000,1.26%
2012-01-18,38347400000,1.28%
2012-01-17,37862400000,-0.37%
2012-01-13,38003200000,-1.54%
2012-01-12,38597700000,0.82%
2012-01-11,38284800000,5.29%
2012-01-10,36360400000,1.75%
2012-01-09,35734600000,-0.35%
2012-01-06,35859800000,3.38%
2012-01-05,34686300000,4.82%
2012-01-04,33090500000,0.48%
2012-01-03,32934000000,3.85%
2011-12-30,31713700000,0.30%
2011-12-29,31619800000,1.76%
2011-12-28,31072200000,-1.14%
2011-12-27,31432000000,-2.00%
2011-12-23,32073500000,-0.97%
2011-12-22,32386400000,1.87%
2011-12-21,31791900000,3.20%
2011-12-20,30806200000,3.36%
2011-12-19,29804900000,-5.46%
2011-12-16,31525900000,0.25%
2011-12-15,31447700000,3.24%
2011-12-14,30462000000,-3.18%
2011-12-13,31463300000,-3.32%
2011-12-12,32542900000,-1.65%
2011-12-09,33090500000,0.81%
2011-12-08,32824500000,-4.38%
2011-12-07,34326500000,1.20%
2011-12-06,33919700000,0.42%
2011-12-05,33778900000,1.46%
2011-12-02,33293900000,1.53%
2011-12-01,32793200000,-1.55%
2011-11-30,33309500000,4.82%
2011-11-29,31776300000,-2.07%
2011-11-28,32449000000,1.97%
2011-11-25,31823200000,0.49%
2011-11-23,31666700000,-2.36%
2011-11-22,32433400000,-1.52%
2011-11-21,32934000000,-2.91%
2011-11-18,33919700000,-0.50%
2011-11-17,34091800000,-3.80%
2011-11-16,35437300000,-3.00%
2011-11-15,36532500000,1.57%
2011-11-14,35969300000,2.13%
2011-11-11,35218300000,-0.84%
2011-11-10,35515600000,1.75%
2011-11-09,34905400000,-10.74%
2011-11-08,39106600000,4.29%
2011-11-07,37498000000,1.69%
2011-11-04,36873300000,-1.75%
2011-11-03,37529200000,3.58%
2011-11-02,36233000000,-0.56%
2011-11-01,36436000000,-9.75%
2011-10-31,40371700000,-2.27%
2011-10-28,41308700000,1.50%
2011-10-27,40699600000,4.28%
2011-10-26,39028500000,0.52%
2011-10-25,38825500000,-0.48%
2011-10-24,39012900000,2.59%
2011-10-21,38029000000,6.05%
2011-10-20,35858100000,-0.56%
2011-10-19,36061200000,-1.91%
2011-10-18,36764000000,1.55%
2011-10-17,36201700000,-4.06%
2011-10-14,37732300000,4.36%
2011-10-13,36154900000,-1.11%
2011-10-12,36560900000,4.04%
2011-10-11,35139700000,-0.53%
2011-10-10,35327100000,2.77%
2011-10-07,34374500000,-1.52%
2011-10-06,34905500000,0.36%
2011-10-05,34780500000,3.97%
2011-10-04,33453000000,8.57%
2011-10-03,30813600000,-2.23%
2011-09-30,31516400000,-2.79%
2011-09-29,32422300000,1.72%
2011-09-28,31875600000,-3.68%
2011-09-27,33093800000,0.52%
2011-09-26,32922000000,0.38%
2011-09-23,32797100000,3.76%
2011-09-22,31610100000,-4.89%
2011-09-21,33234400000,-5.13%
2011-09-20,35030400000,-2.69%
2011-09-19,35998700000,1.95%
2011-09-16,35311500000,-0.40%
2011-09-15,35452100000,2.34%
2011-09-14,34640000000,0.82%
2011-09-13,34358900000,0.59%
2011-09-12,34155800000,0.51%
2011-09-09,33984000000,-3.20%
2011-09-08,35108500000,-1.66%
2011-09-07,35702000000,6.62%
2011-09-06,33484300000,-2.85%
2011-09-02,34468200000,-4.17%
2011-09-01,35967500000,-4.16%
2011-08-31,37529200000,1.91%
2011-08-30,36826400000,-0.88%
2011-08-29,37154400000,4.02%
2011-08-26,35717600000,2.56%
2011-08-25,34827400000,-0.31%
2011-08-24,34936700000,1.41%
2011-08-23,34452600000,1.61%
2011-08-22,33905900000,-2.03%
2011-08-19,34608700000,-6.10%
2011-08-18,36857700000,-5.37%
2011-08-17,38950400000,-3.45%
2011-08-16,40340400000,-2.23%
2011-08-15,41261900000,2.60%
2011-08-12,40215500000,-0.23%
2011-08-11,40309200000,7.90%
2011-08-10,37357400000,-6.34%
2011-08-09,39887500000,3.95%
2011-08-08,38372600000,-6.61%
2011-08-05,41090100000,1.29%
2011-08-04,40564800000,-4.34%
2011-08-03,42406600000,0.44%
2011-08-02,42219300000,-3.63%
2011-08-01,43811300000,1.41%
2011-07-29,43202600000,-1.49%
2011-07-28,43858100000,-0.14%
2011-07-27,43920500000,-3.27%
2011-07-26,45403300000,-1.39%
2011-07-25,46043200000,-1.99%
2011-07-22,46979700000,0.47%
2011-07-21,46761200000,2.46%
2011-07-20,45637400000,-0.31%
2011-07-19,45777900000,0.79%
2011-07-18,45418900000,-2.22%
2011-07-15,46449000000,-1.13%
2011-07-14,46979700000,-2.11%
2011-07-13,47994200000,0.23%
2011-07-12,47884900000,-0.23%
2011-07-11,47994200000,-2.63%
2011-07-08,49289600000,-0.69%
2011-07-07,49633000000,1.96%
2011-07-06,48680900000,1.07%
2011-07-05,48165900000,0.92%
2011-07-01,47728800000,0.72%
2011-06-30,47385500000,0.20%
2011-06-29,47291800000,-0.66%
2011-06-28,47604000000,0.79%
2011-06-27,47229400000,1.14%
2011-06-24,46698700000,-0.73%
2011-06-23,47042100000,0.57%
2011-06-22,46776800000,1.28%
2011-06-21,46183700000,0.24%
2011-06-20,46074400000,1.79%
2011-06-17,45262800000,1.43%
2011-06-16,44622900000,-1.24%
2011-06-15,45184800000,-0.55%
2011-06-14,45434500000,1.82%
2011-06-13,44622900000,-0.90%
2011-06-10,45028700000,-2.04%
2011-06-09,45965200000,2.04%
2011-06-08,45044300000,0.28%
2011-06-07,44919400000,0.77%
2011-06-06,44576100000,-1.92%
2011-06-03,45450100000,-1.62%
2011-06-02,46199300000,-2.08%
2011-06-01,47182600000,-4.97%
2011-05-31,49648600000,1.69%
2011-05-27,48821400000,1.96%
2011-05-26,47884900000,-1.89%
2011-05-25,48805800000,1.43%
2011-05-24,48119000000,-0.42%
2011-05-23,48321900000,-0.71%
2011-05-20,48665300000,-0.92%
2011-05-19,49117900000,-0.16%
2011-05-18,49196000000,1.35%
2011-05-17,48540400000,
2011-05-16,48540400000,0.10%
2011-05-13,48493600000,-1.11%
2011-05-12,49039900000,0.38%
2011-05-11,48852600000,-0.98%
2011-05-10,49336500000,0.70%
2011-05-09,48993100000,-1.63%
2011-05-06,49804700000,-0.34%
2011-05-05,49975000000,-3.09%
2011-05-04,51567000000,0.15%
2011-05-03,51488900000,2.52%
2011-05-02,50224700000,0.28%
2011-04-29,50084200000,0.56%
2011-04-28,49803300000,0.41%
2011-04-27,49600400000,1.63%
2011-04-26,48804400000,0.42%
2011-04-25,48601500000,0.61%
2011-04-21,48305000000,3.41%
2011-04-20,46713000000,1.15%
2011-04-19,46182400000,-1.27%
2011-04-18,46775500000,-0.89%
2011-04-15,47196900000,-1.11%
2011-04-14,47727500000,-0.91%
2011-04-13,48164500000,-0.93%
2011-04-12,48617100000,1.23%
2011-04-11,48024100000,-2.38%
2011-04-08,49194600000,-2.45%
2011-04-07,50427600000,-1.70%
2011-04-06,51301600000,
2011-04-05,51301600000,1.48%
2011-04-04,50552500000,-0.06%
2011-04-01,50583700000,4.45%
2011-03-31,48429900000,-1.65%
2011-03-30,49241400000,1.45%
2011-03-29,48539100000,0.81%
2011-03-28,48148900000,-1.97%
2011-03-25,49116600000,0.25%
2011-03-24,48991700000,0.74%
2011-03-23,48632800000,1.37%
2011-03-22,47977200000,-1.73%
2011-03-21,48820000000,-1.79%
2011-03-18,49709700000,1.30%
2011-03-17,49069800000,-1.07%
2011-03-16,49600400000,-1.76%
2011-03-15,50490000000,2.41%
2011-03-14,49303900000,-1.06%
2011-03-11,49834500000,1.62%
2011-03-10,49038500000,-2.57%
2011-03-09,50334000000,-1.44%
2011-03-08,51067500000,3.22%
2011-03-07,49475600000,-2.13%
2011-03-04,50552500000,-1.94%
2011-03-03,51551300000,0.46%
2011-03-02,51317200000,-0.21%
2011-03-01,51426500000,2.25%
2011-02-28,50295000000,0.84%
2011-02-25,49875000000,0.70%
2011-02-24,49530000000,-4.54%
2011-02-23,51885000000,-3.30%
2011-02-22,53655000000,-2.03%
2011-02-18,54765000000,0.38%
2011-02-17,54555000000,-1.03%
2011-02-16,55125000000,1.77%
2011-02-15,54165000000,-0.50%
2011-02-14,54435000000,-0.44%
2011-02-11,54675000000,1.59%
2011-02-10,53820000000,-1.46%
2011-02-09,54615000000,-1.30%
2011-02-08,55335000000,0.52%
2011-02-07,55050000000,0.30%
2011-02-04,54885000000,1.47%
2011-02-03,54090000000,1.07%
2011-02-02,53520000000,-2.11%
2011-02-01,54675000000,-0.11%
2011-01-31,54735000000,-0.30%
2011-01-28,54900000000,-5.35%
2011-01-27,58005000000,2.06%
2011-01-26,56835000000,-1.33%
2011-01-25,57600000000,2.02%
2011-01-24,56460000000,1.07%
2011-01-21,55860000000,0.16%
2011-01-20,55770000000,-0.59%
2011-01-19,56100000000,-1.66%
2011-01-18,57045000000,-0.45%
2011-01-14,57300000000,-0.18%
2011-01-13,57405000000,-0.91%
2011-01-12,57930000000,-0.34%
2011-01-11,58125000000,0.49%
2011-01-10,57840000000,-1.08%
2011-01-07,58470000000,0.21%
2011-01-06,58350000000,2.18%
2011-01-05,57105000000,0.45%
2011-01-04,56850000000,2.27%
2011-01-03,55590000000,0.54%
2010-12-31,55290000000,0.11%
2010-12-30,55230000000,2.22%
2010-12-29,54030000000,1.98%
2010-12-28,52980000000,2.08%
2010-12-27,51900000000,-0.60%
2010-12-23,52215000000,-0.32%
2010-12-22,52380000000,3.16%
2010-12-21,50775000000,0.27%
2010-12-20,50640000000,-0.71%
2010-12-17,51000000000,1.16%
2010-12-16,50415000000,
2010-12-15,50415000000,-0.83%
2010-12-14,50835000000,0.27%
2010-12-13,50700000000,-0.03%
2010-12-10,50715000000,0.21%
2010-12-09,50610000000,-2.06%
2010-12-08,51675000000,-0.66%
2010-12-07,52020000000,0.58%
2010-12-06,51720000000,-0.20%
2010-12-03,51825000000,-0.37%
2010-12-02,52020000000,-0.29%
2010-12-01,52170000000,1.70%
2010-11-30,51300000000,1.18%
2010-11-29,50700000000,
2010-11-26,50700000000,0.96%
2010-11-24,50220000000,0.69%
2010-11-23,49875000000,-2.44%
2010-11-22,51120000000,-0.53%
2010-11-19,51390000000,0.20%
2010-11-18,51285000000,